Source,Target,Type,Id,Label,Weight,edge-type,MMNT-EdgeType
M1,M4,Undirected,2478,Manuscript-Manuscript,1,,Manuscript<--->Manuscript
M1,M8,Undirected,2479,Manuscript-Manuscript,1,,Manuscript<--->Manuscript
M1,M9,Undirected,2480,Manuscript-Manuscript,1,,Manuscript<--->Manuscript
M1,M11,Undirected,2481,Manuscript-Manuscript,1,,Manuscript<--->Manuscript
M1,M13,Undirected,2482,Manuscript-Manuscript,4,,Manuscript<--->Manuscript
M1,M19,Undirected,2483,Manuscript-Manuscript,1,,Manuscript<--->Manuscript
M1,M20,Undirected,2484,Manuscript-Manuscript,1,,Manuscript<--->Manuscript
M1,M28,Undirected,2485,Manuscript-Manuscript,2,,Manuscript<--->Manuscript
M1,M32,Undirected,2486,Manuscript-Manuscript,2,,Manuscript<--->Manuscript
M1,M33,Undirected,2487,Manuscript-Manuscript,2,,Manuscript<--->Manuscript
M1,M34,Undirected,2488,Manuscript-Manuscript,1,,Manuscript<--->Manuscript
M1,M38,Undirected,2489,Manuscript-Manuscript,1,,Manuscript<--->Manuscript
M1,M42,Undirected,2490,Manuscript-Manuscript,2,,Manuscript<--->Manuscript
M1,M44,Undirected,2491,Manuscript-Manuscript,1,,Manuscript<--->Manuscript
M1,M46,Undirected,2492,Manuscript-Manuscript,1,,Manuscript<--->Manuscript
M1,M48,Undirected,2493,Manuscript-Manuscript,1,,Manuscript<--->Manuscript
M1,M49,Undirected,2494,Manuscript-Manuscript,3,,Manuscript<--->Manuscript
M1,M51,Undirected,2495,Manuscript-Manuscript,3,,Manuscript<--->Manuscript
M1,M55,Undirected,2496,Manuscript-Manuscript,1,,Manuscript<--->Manuscript
M1,M56,Undirected,2497,Manuscript-Manuscript,1,,Manuscript<--->Manuscript
M1,M60,Undirected,2498,Manuscript-Manuscript,1,,Manuscript<--->Manuscript
M1,M62,Undirected,2499,Manuscript-Manuscript,1,,Manuscript<--->Manuscript
M2,M8,Undirected,2500,Manuscript-Manuscript,1,,Manuscript<--->Manuscript
M2,M11,Undirected,2501,Manuscript-Manuscript,1,,Manuscript<--->Manuscript
M2,M19,Undirected,2502,Manuscript-Manuscript,1,,Manuscript<--->Manuscript
M2,M32,Undirected,2503,Manuscript-Manuscript,1,,Manuscript<--->Manuscript
M2,M34,Undirected,2504,Manuscript-Manuscript,1,,Manuscript<--->Manuscript
M2,M48,Undirected,2505,Manuscript-Manuscript,1,,Manuscript<--->Manuscript
M2,M49,Undirected,2506,Manuscript-Manuscript,1,,Manuscript<--->Manuscript
M2,M51,Undirected,2507,Manuscript-Manuscript,1,,Manuscript<--->Manuscript
M2,M55,Undirected,2508,Manuscript-Manuscript,1,,Manuscript<--->Manuscript
M2,M56,Undirected,2509,Manuscript-Manuscript,1,,Manuscript<--->Manuscript
M2,M63,Undirected,2510,Manuscript-Manuscript,1,,Manuscript<--->Manuscript
M3,M4,Undirected,2511,Manuscript-Manuscript,1,,Manuscript<--->Manuscript
M3,M8,Undirected,2512,Manuscript-Manuscript,1,,Manuscript<--->Manuscript
M3,M11,Undirected,2513,Manuscript-Manuscript,1,,Manuscript<--->Manuscript
M3,M13,Undirected,2514,Manuscript-Manuscript,2,,Manuscript<--->Manuscript
M3,M17,Undirected,2515,Manuscript-Manuscript,1,,Manuscript<--->Manuscript
M3,M19,Undirected,2516,Manuscript-Manuscript,1,,Manuscript<--->Manuscript
M3,M27,Undirected,2517,Manuscript-Manuscript,1,,Manuscript<--->Manuscript
M3,M28,Undirected,2518,Manuscript-Manuscript,1,,Manuscript<--->Manuscript
M3,M32,Undirected,2519,Manuscript-Manuscript,1,,Manuscript<--->Manuscript
M3,M34,Undirected,2520,Manuscript-Manuscript,1,,Manuscript<--->Manuscript
M3,M36,Undirected,2521,Manuscript-Manuscript,1,,Manuscript<--->Manuscript
M3,M42,Undirected,2522,Manuscript-Manuscript,1,,Manuscript<--->Manuscript
M3,M49,Undirected,2523,Manuscript-Manuscript,1,,Manuscript<--->Manuscript
M3,M51,Undirected,2524,Manuscript-Manuscript,1,,Manuscript<--->Manuscript
M3,M55,Undirected,2525,Manuscript-Manuscript,2,,Manuscript<--->Manuscript
M3,M56,Undirected,2526,Manuscript-Manuscript,1,,Manuscript<--->Manuscript
M3,M63,Undirected,2527,Manuscript-Manuscript,1,,Manuscript<--->Manuscript
M4,M7,Undirected,2528,Manuscript-Manuscript,2,,Manuscript<--->Manuscript
M4,M8,Undirected,2529,Manuscript-Manuscript,44,,Manuscript<--->Manuscript
M4,M9,Undirected,2530,Manuscript-Manuscript,18,,Manuscript<--->Manuscript
M4,M11,Undirected,2531,Manuscript-Manuscript,61,,Manuscript<--->Manuscript
M4,M13,Undirected,2532,Manuscript-Manuscript,58,,Manuscript<--->Manuscript
M4,M17,Undirected,2533,Manuscript-Manuscript,2,,Manuscript<--->Manuscript
M4,M19,Undirected,2534,Manuscript-Manuscript,34,,Manuscript<--->Manuscript
M4,M20,Undirected,2535,Manuscript-Manuscript,1,,Manuscript<--->Manuscript
M4,M21,Undirected,2536,Manuscript-Manuscript,2,,Manuscript<--->Manuscript
M4,M25,Undirected,2537,Manuscript-Manuscript,1,,Manuscript<--->Manuscript
M4,M26,Undirected,2538,Manuscript-Manuscript,2,,Manuscript<--->Manuscript
M4,M27,Undirected,2539,Manuscript-Manuscript,11,,Manuscript<--->Manuscript
M4,M28,Undirected,2540,Manuscript-Manuscript,58,,Manuscript<--->Manuscript
M4,M29,Undirected,2541,Manuscript-Manuscript,1,,Manuscript<--->Manuscript
M4,M32,Undirected,2542,Manuscript-Manuscript,36,,Manuscript<--->Manuscript
M4,M33,Undirected,2543,Manuscript-Manuscript,40,,Manuscript<--->Manuscript
M4,M34,Undirected,2544,Manuscript-Manuscript,45,,Manuscript<--->Manuscript
M4,M35,Undirected,2545,Manuscript-Manuscript,4,,Manuscript<--->Manuscript
M4,M36,Undirected,2546,Manuscript-Manuscript,42,,Manuscript<--->Manuscript
M4,M37,Undirected,2547,Manuscript-Manuscript,1,,Manuscript<--->Manuscript
M4,M38,Undirected,2548,Manuscript-Manuscript,27,,Manuscript<--->Manuscript
M4,M39,Undirected,2549,Manuscript-Manuscript,3,,Manuscript<--->Manuscript
M4,M41,Undirected,2550,Manuscript-Manuscript,4,,Manuscript<--->Manuscript
M4,M42,Undirected,2551,Manuscript-Manuscript,46,,Manuscript<--->Manuscript
M4,M44,Undirected,2552,Manuscript-Manuscript,48,,Manuscript<--->Manuscript
M4,M46,Undirected,2553,Manuscript-Manuscript,19,,Manuscript<--->Manuscript
M4,M47,Undirected,2554,Manuscript-Manuscript,2,,Manuscript<--->Manuscript
M4,M48,Undirected,2555,Manuscript-Manuscript,50,,Manuscript<--->Manuscript
M4,M49,Undirected,2556,Manuscript-Manuscript,42,,Manuscript<--->Manuscript
M4,M51,Undirected,2557,Manuscript-Manuscript,40,,Manuscript<--->Manuscript
M4,M52,Undirected,2558,Manuscript-Manuscript,3,,Manuscript<--->Manuscript
M4,M53,Undirected,2559,Manuscript-Manuscript,3,,Manuscript<--->Manuscript
M4,M55,Undirected,2560,Manuscript-Manuscript,36,,Manuscript<--->Manuscript
M4,M56,Undirected,2561,Manuscript-Manuscript,54,,Manuscript<--->Manuscript
M4,M59,Undirected,2562,Manuscript-Manuscript,15,,Manuscript<--->Manuscript
M4,M60,Undirected,2563,Manuscript-Manuscript,16,,Manuscript<--->Manuscript
M4,M61,Undirected,2564,Manuscript-Manuscript,1,,Manuscript<--->Manuscript
M4,M62,Undirected,2565,Manuscript-Manuscript,14,,Manuscript<--->Manuscript
M4,M63,Undirected,2566,Manuscript-Manuscript,36,,Manuscript<--->Manuscript
M4,M65,Undirected,2567,Manuscript-Manuscript,6,,Manuscript<--->Manuscript
M6,M8,Undirected,2568,Manuscript-Manuscript,1,,Manuscript<--->Manuscript
M6,M10,Undirected,2569,Manuscript-Manuscript,1,,Manuscript<--->Manuscript
M6,M11,Undirected,2570,Manuscript-Manuscript,1,,Manuscript<--->Manuscript
M6,M13,Undirected,2571,Manuscript-Manuscript,2,,Manuscript<--->Manuscript
M6,M28,Undirected,2572,Manuscript-Manuscript,1,,Manuscript<--->Manuscript
M6,M32,Undirected,2573,Manuscript-Manuscript,1,,Manuscript<--->Manuscript
M6,M33,Undirected,2574,Manuscript-Manuscript,1,,Manuscript<--->Manuscript
M6,M34,Undirected,2575,Manuscript-Manuscript,1,,Manuscript<--->Manuscript
M6,M36,Undirected,2576,Manuscript-Manuscript,1,,Manuscript<--->Manuscript
M6,M44,Undirected,2577,Manuscript-Manuscript,1,,Manuscript<--->Manuscript
M6,M46,Undirected,2578,Manuscript-Manuscript,1,,Manuscript<--->Manuscript
M6,M48,Undirected,2579,Manuscript-Manuscript,1,,Manuscript<--->Manuscript
M6,M49,Undirected,2580,Manuscript-Manuscript,1,,Manuscript<--->Manuscript
M6,M51,Undirected,2581,Manuscript-Manuscript,1,,Manuscript<--->Manuscript
M6,M55,Undirected,2582,Manuscript-Manuscript,1,,Manuscript<--->Manuscript
M6,M56,Undirected,2583,Manuscript-Manuscript,1,,Manuscript<--->Manuscript
M6,M60,Undirected,2584,Manuscript-Manuscript,1,,Manuscript<--->Manuscript
M6,M63,Undirected,2585,Manuscript-Manuscript,1,,Manuscript<--->Manuscript
M7,M8,Undirected,2586,Manuscript-Manuscript,5,,Manuscript<--->Manuscript
M7,M10,Undirected,2587,Manuscript-Manuscript,4,,Manuscript<--->Manuscript
M7,M11,Undirected,2588,Manuscript-Manuscript,6,,Manuscript<--->Manuscript
M7,M12,Undirected,2589,Manuscript-Manuscript,1,,Manuscript<--->Manuscript
M7,M13,Undirected,2590,Manuscript-Manuscript,6,,Manuscript<--->Manuscript
M7,M19,Undirected,2591,Manuscript-Manuscript,5,,Manuscript<--->Manuscript
M7,M28,Undirected,2592,Manuscript-Manuscript,4,,Manuscript<--->Manuscript
M7,M30,Undirected,2593,Manuscript-Manuscript,1,,Manuscript<--->Manuscript
M7,M32,Undirected,2594,Manuscript-Manuscript,4,,Manuscript<--->Manuscript
M7,M33,Undirected,2595,Manuscript-Manuscript,3,,Manuscript<--->Manuscript
M7,M34,Undirected,2596,Manuscript-Manuscript,4,,Manuscript<--->Manuscript
M7,M36,Undirected,2597,Manuscript-Manuscript,6,,Manuscript<--->Manuscript
M7,M38,Undirected,2598,Manuscript-Manuscript,2,,Manuscript<--->Manuscript
M7,M39,Undirected,2599,Manuscript-Manuscript,2,,Manuscript<--->Manuscript
M7,M42,Undirected,2600,Manuscript-Manuscript,4,,Manuscript<--->Manuscript
M7,M44,Undirected,2601,Manuscript-Manuscript,5,,Manuscript<--->Manuscript
M7,M46,Undirected,2602,Manuscript-Manuscript,4,,Manuscript<--->Manuscript
M7,M48,Undirected,2603,Manuscript-Manuscript,5,,Manuscript<--->Manuscript
M7,M49,Undirected,2604,Manuscript-Manuscript,6,,Manuscript<--->Manuscript
M7,M51,Undirected,2605,Manuscript-Manuscript,6,,Manuscript<--->Manuscript
M7,M55,Undirected,2606,Manuscript-Manuscript,2,,Manuscript<--->Manuscript
M7,M56,Undirected,2607,Manuscript-Manuscript,5,,Manuscript<--->Manuscript
M7,M60,Undirected,2608,Manuscript-Manuscript,4,,Manuscript<--->Manuscript
M7,M63,Undirected,2609,Manuscript-Manuscript,6,,Manuscript<--->Manuscript
M7,M65,Undirected,2610,Manuscript-Manuscript,2,,Manuscript<--->Manuscript
M8,M9,Undirected,2611,Manuscript-Manuscript,11,,Manuscript<--->Manuscript
M8,M10,Undirected,2612,Manuscript-Manuscript,11,,Manuscript<--->Manuscript
M8,M11,Undirected,2613,Manuscript-Manuscript,83,,Manuscript<--->Manuscript
M8,M12,Undirected,2614,Manuscript-Manuscript,5,,Manuscript<--->Manuscript
M8,M13,Undirected,2615,Manuscript-Manuscript,83,,Manuscript<--->Manuscript
M8,M15,Undirected,2616,Manuscript-Manuscript,1,,Manuscript<--->Manuscript
M8,M16,Undirected,2617,Manuscript-Manuscript,1,,Manuscript<--->Manuscript
M8,M17,Undirected,2618,Manuscript-Manuscript,2,,Manuscript<--->Manuscript
M8,M18,Undirected,2619,Manuscript-Manuscript,2,,Manuscript<--->Manuscript
M8,M19,Undirected,2620,Manuscript-Manuscript,70,,Manuscript<--->Manuscript
M8,M20,Undirected,2621,Manuscript-Manuscript,1,,Manuscript<--->Manuscript
M8,M21,Undirected,2622,Manuscript-Manuscript,2,,Manuscript<--->Manuscript
M8,M22,Undirected,2623,Manuscript-Manuscript,1,,Manuscript<--->Manuscript
M8,M23,Undirected,2624,Manuscript-Manuscript,1,,Manuscript<--->Manuscript
M8,M24,Undirected,2625,Manuscript-Manuscript,1,,Manuscript<--->Manuscript
M8,M25,Undirected,2626,Manuscript-Manuscript,2,,Manuscript<--->Manuscript
M8,M26,Undirected,2627,Manuscript-Manuscript,1,,Manuscript<--->Manuscript
M8,M27,Undirected,2628,Manuscript-Manuscript,9,,Manuscript<--->Manuscript
M8,M28,Undirected,2629,Manuscript-Manuscript,76,,Manuscript<--->Manuscript
M8,M29,Undirected,2630,Manuscript-Manuscript,1,,Manuscript<--->Manuscript
M8,M32,Undirected,2631,Manuscript-Manuscript,66,,Manuscript<--->Manuscript
M8,M33,Undirected,2632,Manuscript-Manuscript,54,,Manuscript<--->Manuscript
M8,M34,Undirected,2633,Manuscript-Manuscript,64,,Manuscript<--->Manuscript
M8,M35,Undirected,2634,Manuscript-Manuscript,8,,Manuscript<--->Manuscript
M8,M36,Undirected,2635,Manuscript-Manuscript,59,,Manuscript<--->Manuscript
M8,M37,Undirected,2636,Manuscript-Manuscript,2,,Manuscript<--->Manuscript
M8,M38,Undirected,2637,Manuscript-Manuscript,12,,Manuscript<--->Manuscript
M8,M39,Undirected,2638,Manuscript-Manuscript,4,,Manuscript<--->Manuscript
M8,M40,Undirected,2639,Manuscript-Manuscript,1,,Manuscript<--->Manuscript
M8,M41,Undirected,2640,Manuscript-Manuscript,5,,Manuscript<--->Manuscript
M8,M42,Undirected,2641,Manuscript-Manuscript,52,,Manuscript<--->Manuscript
M8,M43,Undirected,2642,Manuscript-Manuscript,1,,Manuscript<--->Manuscript
M8,M44,Undirected,2643,Manuscript-Manuscript,62,,Manuscript<--->Manuscript
M8,M45,Undirected,2644,Manuscript-Manuscript,1,,Manuscript<--->Manuscript
M8,M46,Undirected,2645,Manuscript-Manuscript,38,,Manuscript<--->Manuscript
M8,M47,Undirected,2646,Manuscript-Manuscript,4,,Manuscript<--->Manuscript
M8,M48,Undirected,2647,Manuscript-Manuscript,70,,Manuscript<--->Manuscript
M8,M49,Undirected,2648,Manuscript-Manuscript,70,,Manuscript<--->Manuscript
M8,M50,Undirected,2649,Manuscript-Manuscript,1,,Manuscript<--->Manuscript
M8,M51,Undirected,2650,Manuscript-Manuscript,67,,Manuscript<--->Manuscript
M8,M52,Undirected,2651,Manuscript-Manuscript,3,,Manuscript<--->Manuscript
M8,M53,Undirected,2652,Manuscript-Manuscript,3,,Manuscript<--->Manuscript
M8,M54,Undirected,2653,Manuscript-Manuscript,2,,Manuscript<--->Manuscript
M8,M55,Undirected,2654,Manuscript-Manuscript,40,,Manuscript<--->Manuscript
M8,M56,Undirected,2655,Manuscript-Manuscript,83,,Manuscript<--->Manuscript
M8,M58,Undirected,2656,Manuscript-Manuscript,1,,Manuscript<--->Manuscript
M8,M59,Undirected,2657,Manuscript-Manuscript,13,,Manuscript<--->Manuscript
M8,M60,Undirected,2658,Manuscript-Manuscript,45,,Manuscript<--->Manuscript
M8,M61,Undirected,2659,Manuscript-Manuscript,1,,Manuscript<--->Manuscript
M8,M62,Undirected,2660,Manuscript-Manuscript,26,,Manuscript<--->Manuscript
M8,M63,Undirected,2661,Manuscript-Manuscript,57,,Manuscript<--->Manuscript
M8,M64,Undirected,2662,Manuscript-Manuscript,1,,Manuscript<--->Manuscript
M8,M65,Undirected,2663,Manuscript-Manuscript,22,,Manuscript<--->Manuscript
M8,M66,Undirected,2664,Manuscript-Manuscript,1,,Manuscript<--->Manuscript
M8,M67,Undirected,2665,Manuscript-Manuscript,3,,Manuscript<--->Manuscript
M8,M70,Undirected,2666,Manuscript-Manuscript,2,,Manuscript<--->Manuscript
M8,M76,Undirected,2667,Manuscript-Manuscript,1,,Manuscript<--->Manuscript
M8,M77,Undirected,2668,Manuscript-Manuscript,1,,Manuscript<--->Manuscript
M9,M11,Undirected,2669,Manuscript-Manuscript,18,,Manuscript<--->Manuscript
M9,M13,Undirected,2670,Manuscript-Manuscript,18,,Manuscript<--->Manuscript
M9,M19,Undirected,2671,Manuscript-Manuscript,9,,Manuscript<--->Manuscript
M9,M25,Undirected,2672,Manuscript-Manuscript,1,,Manuscript<--->Manuscript
M9,M27,Undirected,2673,Manuscript-Manuscript,1,,Manuscript<--->Manuscript
M9,M28,Undirected,2674,Manuscript-Manuscript,18,,Manuscript<--->Manuscript
M9,M32,Undirected,2675,Manuscript-Manuscript,12,,Manuscript<--->Manuscript
M9,M33,Undirected,2676,Manuscript-Manuscript,17,,Manuscript<--->Manuscript
M9,M34,Undirected,2677,Manuscript-Manuscript,9,,Manuscript<--->Manuscript
M9,M35,Undirected,2678,Manuscript-Manuscript,1,,Manuscript<--->Manuscript
M9,M36,Undirected,2679,Manuscript-Manuscript,7,,Manuscript<--->Manuscript
M9,M38,Undirected,2680,Manuscript-Manuscript,9,,Manuscript<--->Manuscript
M9,M41,Undirected,2681,Manuscript-Manuscript,3,,Manuscript<--->Manuscript
M9,M42,Undirected,2682,Manuscript-Manuscript,20,,Manuscript<--->Manuscript
M9,M44,Undirected,2683,Manuscript-Manuscript,17,,Manuscript<--->Manuscript
M9,M46,Undirected,2684,Manuscript-Manuscript,9,,Manuscript<--->Manuscript
M9,M48,Undirected,2685,Manuscript-Manuscript,14,,Manuscript<--->Manuscript
M9,M49,Undirected,2686,Manuscript-Manuscript,16,,Manuscript<--->Manuscript
M9,M51,Undirected,2687,Manuscript-Manuscript,16,,Manuscript<--->Manuscript
M9,M52,Undirected,2688,Manuscript-Manuscript,1,,Manuscript<--->Manuscript
M9,M55,Undirected,2689,Manuscript-Manuscript,13,,Manuscript<--->Manuscript
M9,M56,Undirected,2690,Manuscript-Manuscript,16,,Manuscript<--->Manuscript
M9,M59,Undirected,2691,Manuscript-Manuscript,5,,Manuscript<--->Manuscript
M9,M60,Undirected,2692,Manuscript-Manuscript,9,,Manuscript<--->Manuscript
M9,M62,Undirected,2693,Manuscript-Manuscript,9,,Manuscript<--->Manuscript
M9,M63,Undirected,2694,Manuscript-Manuscript,7,,Manuscript<--->Manuscript
M9,M65,Undirected,2695,Manuscript-Manuscript,5,,Manuscript<--->Manuscript
M10,M11,Undirected,2696,Manuscript-Manuscript,13,,Manuscript<--->Manuscript
M10,M12,Undirected,2697,Manuscript-Manuscript,2,,Manuscript<--->Manuscript
M10,M13,Undirected,2698,Manuscript-Manuscript,13,,Manuscript<--->Manuscript
M10,M18,Undirected,2699,Manuscript-Manuscript,1,,Manuscript<--->Manuscript
M10,M19,Undirected,2700,Manuscript-Manuscript,8,,Manuscript<--->Manuscript
M10,M28,Undirected,2701,Manuscript-Manuscript,9,,Manuscript<--->Manuscript
M10,M30,Undirected,2702,Manuscript-Manuscript,1,,Manuscript<--->Manuscript
M10,M32,Undirected,2703,Manuscript-Manuscript,8,,Manuscript<--->Manuscript
M10,M33,Undirected,2704,Manuscript-Manuscript,9,,Manuscript<--->Manuscript
M10,M34,Undirected,2705,Manuscript-Manuscript,11,,Manuscript<--->Manuscript
M10,M36,Undirected,2706,Manuscript-Manuscript,13,,Manuscript<--->Manuscript
M10,M37,Undirected,2707,Manuscript-Manuscript,1,,Manuscript<--->Manuscript
M10,M42,Undirected,2708,Manuscript-Manuscript,5,,Manuscript<--->Manuscript
M10,M44,Undirected,2709,Manuscript-Manuscript,8,,Manuscript<--->Manuscript
M10,M46,Undirected,2710,Manuscript-Manuscript,9,,Manuscript<--->Manuscript
M10,M47,Undirected,2711,Manuscript-Manuscript,2,,Manuscript<--->Manuscript
M10,M48,Undirected,2712,Manuscript-Manuscript,9,,Manuscript<--->Manuscript
M10,M49,Undirected,2713,Manuscript-Manuscript,12,,Manuscript<--->Manuscript
M10,M51,Undirected,2714,Manuscript-Manuscript,13,,Manuscript<--->Manuscript
M10,M54,Undirected,2715,Manuscript-Manuscript,2,,Manuscript<--->Manuscript
M10,M55,Undirected,2716,Manuscript-Manuscript,5,,Manuscript<--->Manuscript
M10,M56,Undirected,2717,Manuscript-Manuscript,12,,Manuscript<--->Manuscript
M10,M59,Undirected,2718,Manuscript-Manuscript,2,,Manuscript<--->Manuscript
M10,M60,Undirected,2719,Manuscript-Manuscript,13,,Manuscript<--->Manuscript
M10,M63,Undirected,2720,Manuscript-Manuscript,13,,Manuscript<--->Manuscript
M10,M65,Undirected,2721,Manuscript-Manuscript,5,,Manuscript<--->Manuscript
M10,M67,Undirected,2722,Manuscript-Manuscript,3,,Manuscript<--->Manuscript
M10,M70,Undirected,2723,Manuscript-Manuscript,2,,Manuscript<--->Manuscript
M11,M12,Undirected,2724,Manuscript-Manuscript,4,,Manuscript<--->Manuscript
M11,M13,Undirected,2725,Manuscript-Manuscript,103,,Manuscript<--->Manuscript
M11,M15,Undirected,2726,Manuscript-Manuscript,1,,Manuscript<--->Manuscript
M11,M16,Undirected,2727,Manuscript-Manuscript,1,,Manuscript<--->Manuscript
M11,M17,Undirected,2728,Manuscript-Manuscript,2,,Manuscript<--->Manuscript
M11,M18,Undirected,2729,Manuscript-Manuscript,1,,Manuscript<--->Manuscript
M11,M19,Undirected,2730,Manuscript-Manuscript,69,,Manuscript<--->Manuscript
M11,M20,Undirected,2731,Manuscript-Manuscript,2,,Manuscript<--->Manuscript
M11,M21,Undirected,2732,Manuscript-Manuscript,2,,Manuscript<--->Manuscript
M11,M22,Undirected,2733,Manuscript-Manuscript,1,,Manuscript<--->Manuscript
M11,M23,Undirected,2734,Manuscript-Manuscript,1,,Manuscript<--->Manuscript
M11,M24,Undirected,2735,Manuscript-Manuscript,1,,Manuscript<--->Manuscript
M11,M25,Undirected,2736,Manuscript-Manuscript,2,,Manuscript<--->Manuscript
M11,M26,Undirected,2737,Manuscript-Manuscript,2,,Manuscript<--->Manuscript
M11,M27,Undirected,2738,Manuscript-Manuscript,11,,Manuscript<--->Manuscript
M11,M28,Undirected,2739,Manuscript-Manuscript,95,,Manuscript<--->Manuscript
M11,M29,Undirected,2740,Manuscript-Manuscript,2,,Manuscript<--->Manuscript
M11,M30,Undirected,2741,Manuscript-Manuscript,1,,Manuscript<--->Manuscript
M11,M32,Undirected,2742,Manuscript-Manuscript,74,,Manuscript<--->Manuscript
M11,M33,Undirected,2743,Manuscript-Manuscript,67,,Manuscript<--->Manuscript
M11,M34,Undirected,2744,Manuscript-Manuscript,81,,Manuscript<--->Manuscript
M11,M35,Undirected,2745,Manuscript-Manuscript,9,,Manuscript<--->Manuscript
M11,M36,Undirected,2746,Manuscript-Manuscript,73,,Manuscript<--->Manuscript
M11,M37,Undirected,2747,Manuscript-Manuscript,2,,Manuscript<--->Manuscript
M11,M38,Undirected,2748,Manuscript-Manuscript,29,,Manuscript<--->Manuscript
M11,M39,Undirected,2749,Manuscript-Manuscript,4,,Manuscript<--->Manuscript
M11,M40,Undirected,2750,Manuscript-Manuscript,1,,Manuscript<--->Manuscript
M11,M41,Undirected,2751,Manuscript-Manuscript,5,,Manuscript<--->Manuscript
M11,M42,Undirected,2752,Manuscript-Manuscript,68,,Manuscript<--->Manuscript
M11,M43,Undirected,2753,Manuscript-Manuscript,1,,Manuscript<--->Manuscript
M11,M44,Undirected,2754,Manuscript-Manuscript,77,,Manuscript<--->Manuscript
M11,M45,Undirected,2755,Manuscript-Manuscript,1,,Manuscript<--->Manuscript
M11,M46,Undirected,2756,Manuscript-Manuscript,38,,Manuscript<--->Manuscript
M11,M47,Undirected,2757,Manuscript-Manuscript,4,,Manuscript<--->Manuscript
M11,M48,Undirected,2758,Manuscript-Manuscript,92,,Manuscript<--->Manuscript
M11,M49,Undirected,2759,Manuscript-Manuscript,90,,Manuscript<--->Manuscript
M11,M50,Undirected,2760,Manuscript-Manuscript,1,,Manuscript<--->Manuscript
M11,M51,Undirected,2761,Manuscript-Manuscript,78,,Manuscript<--->Manuscript
M11,M52,Undirected,2762,Manuscript-Manuscript,3,,Manuscript<--->Manuscript
M11,M53,Undirected,2763,Manuscript-Manuscript,4,,Manuscript<--->Manuscript
M11,M54,Undirected,2764,Manuscript-Manuscript,2,,Manuscript<--->Manuscript
M11,M55,Undirected,2765,Manuscript-Manuscript,55,,Manuscript<--->Manuscript
M11,M56,Undirected,2766,Manuscript-Manuscript,96,,Manuscript<--->Manuscript
M11,M57,Undirected,2767,Manuscript-Manuscript,1,,Manuscript<--->Manuscript
M11,M58,Undirected,2768,Manuscript-Manuscript,1,,Manuscript<--->Manuscript
M11,M59,Undirected,2769,Manuscript-Manuscript,18,,Manuscript<--->Manuscript
M11,M60,Undirected,2770,Manuscript-Manuscript,45,,Manuscript<--->Manuscript
M11,M61,Undirected,2771,Manuscript-Manuscript,1,,Manuscript<--->Manuscript
M11,M62,Undirected,2772,Manuscript-Manuscript,26,,Manuscript<--->Manuscript
M11,M63,Undirected,2773,Manuscript-Manuscript,70,,Manuscript<--->Manuscript
M11,M64,Undirected,2774,Manuscript-Manuscript,1,,Manuscript<--->Manuscript
M11,M65,Undirected,2775,Manuscript-Manuscript,20,,Manuscript<--->Manuscript
M11,M67,Undirected,2776,Manuscript-Manuscript,3,,Manuscript<--->Manuscript
M11,M70,Undirected,2777,Manuscript-Manuscript,2,,Manuscript<--->Manuscript
M11,M76,Undirected,2778,Manuscript-Manuscript,1,,Manuscript<--->Manuscript
M11,M77,Undirected,2779,Manuscript-Manuscript,1,,Manuscript<--->Manuscript
M12,M13,Undirected,2780,Manuscript-Manuscript,9,,Manuscript<--->Manuscript
M12,M14,Undirected,2781,Manuscript-Manuscript,1,,Manuscript<--->Manuscript
M12,M19,Undirected,2782,Manuscript-Manuscript,4,,Manuscript<--->Manuscript
M12,M20,Undirected,2783,Manuscript-Manuscript,1,,Manuscript<--->Manuscript
M12,M28,Undirected,2784,Manuscript-Manuscript,3,,Manuscript<--->Manuscript
M12,M31,Undirected,2785,Manuscript-Manuscript,1,,Manuscript<--->Manuscript
M12,M32,Undirected,2786,Manuscript-Manuscript,5,,Manuscript<--->Manuscript
M12,M33,Undirected,2787,Manuscript-Manuscript,3,,Manuscript<--->Manuscript
M12,M34,Undirected,2788,Manuscript-Manuscript,4,,Manuscript<--->Manuscript
M12,M36,Undirected,2789,Manuscript-Manuscript,3,,Manuscript<--->Manuscript
M12,M38,Undirected,2790,Manuscript-Manuscript,2,,Manuscript<--->Manuscript
M12,M42,Undirected,2791,Manuscript-Manuscript,5,,Manuscript<--->Manuscript
M12,M44,Undirected,2792,Manuscript-Manuscript,5,,Manuscript<--->Manuscript
M12,M46,Undirected,2793,Manuscript-Manuscript,2,,Manuscript<--->Manuscript
M12,M47,Undirected,2794,Manuscript-Manuscript,3,,Manuscript<--->Manuscript
M12,M48,Undirected,2795,Manuscript-Manuscript,3,,Manuscript<--->Manuscript
M12,M49,Undirected,2796,Manuscript-Manuscript,5,,Manuscript<--->Manuscript
M12,M51,Undirected,2797,Manuscript-Manuscript,6,,Manuscript<--->Manuscript
M12,M55,Undirected,2798,Manuscript-Manuscript,1,,Manuscript<--->Manuscript
M12,M56,Undirected,2799,Manuscript-Manuscript,5,,Manuscript<--->Manuscript
M12,M57,Undirected,2800,Manuscript-Manuscript,1,,Manuscript<--->Manuscript
M12,M59,Undirected,2801,Manuscript-Manuscript,1,,Manuscript<--->Manuscript
M12,M60,Undirected,2802,Manuscript-Manuscript,5,,Manuscript<--->Manuscript
M12,M62,Undirected,2803,Manuscript-Manuscript,1,,Manuscript<--->Manuscript
M12,M63,Undirected,2804,Manuscript-Manuscript,3,,Manuscript<--->Manuscript
M12,M65,Undirected,2805,Manuscript-Manuscript,5,,Manuscript<--->Manuscript
M12,M67,Undirected,2806,Manuscript-Manuscript,1,,Manuscript<--->Manuscript
M13,M14,Undirected,2807,Manuscript-Manuscript,2,,Manuscript<--->Manuscript
M13,M15,Undirected,2808,Manuscript-Manuscript,1,,Manuscript<--->Manuscript
M13,M16,Undirected,2809,Manuscript-Manuscript,1,,Manuscript<--->Manuscript
M13,M17,Undirected,2810,Manuscript-Manuscript,2,,Manuscript<--->Manuscript
M13,M18,Undirected,2811,Manuscript-Manuscript,2,,Manuscript<--->Manuscript
M13,M19,Undirected,2812,Manuscript-Manuscript,69,,Manuscript<--->Manuscript
M13,M20,Undirected,2813,Manuscript-Manuscript,5,,Manuscript<--->Manuscript
M13,M21,Undirected,2814,Manuscript-Manuscript,2,,Manuscript<--->Manuscript
M13,M22,Undirected,2815,Manuscript-Manuscript,1,,Manuscript<--->Manuscript
M13,M23,Undirected,2816,Manuscript-Manuscript,1,,Manuscript<--->Manuscript
M13,M24,Undirected,2817,Manuscript-Manuscript,1,,Manuscript<--->Manuscript
M13,M25,Undirected,2818,Manuscript-Manuscript,2,,Manuscript<--->Manuscript
M13,M26,Undirected,2819,Manuscript-Manuscript,2,,Manuscript<--->Manuscript
M13,M27,Undirected,2820,Manuscript-Manuscript,9,,Manuscript<--->Manuscript
M13,M28,Undirected,2821,Manuscript-Manuscript,98,,Manuscript<--->Manuscript
M13,M29,Undirected,2822,Manuscript-Manuscript,2,,Manuscript<--->Manuscript
M13,M30,Undirected,2823,Manuscript-Manuscript,1,,Manuscript<--->Manuscript
M13,M31,Undirected,2824,Manuscript-Manuscript,1,,Manuscript<--->Manuscript
M13,M32,Undirected,2825,Manuscript-Manuscript,79,,Manuscript<--->Manuscript
M13,M33,Undirected,2826,Manuscript-Manuscript,69,,Manuscript<--->Manuscript
M13,M34,Undirected,2827,Manuscript-Manuscript,79,,Manuscript<--->Manuscript
M13,M35,Undirected,2828,Manuscript-Manuscript,9,,Manuscript<--->Manuscript
M13,M36,Undirected,2829,Manuscript-Manuscript,70,,Manuscript<--->Manuscript
M13,M37,Undirected,2830,Manuscript-Manuscript,1,,Manuscript<--->Manuscript
M13,M38,Undirected,2831,Manuscript-Manuscript,33,,Manuscript<--->Manuscript
M13,M39,Undirected,2832,Manuscript-Manuscript,4,,Manuscript<--->Manuscript
M13,M41,Undirected,2833,Manuscript-Manuscript,5,,Manuscript<--->Manuscript
M13,M42,Undirected,2834,Manuscript-Manuscript,78,,Manuscript<--->Manuscript
M13,M43,Undirected,2835,Manuscript-Manuscript,1,,Manuscript<--->Manuscript
M13,M44,Undirected,2836,Manuscript-Manuscript,80,,Manuscript<--->Manuscript
M13,M45,Undirected,2837,Manuscript-Manuscript,1,,Manuscript<--->Manuscript
M13,M46,Undirected,2838,Manuscript-Manuscript,41,,Manuscript<--->Manuscript
M13,M47,Undirected,2839,Manuscript-Manuscript,6,,Manuscript<--->Manuscript
M13,M48,Undirected,2840,Manuscript-Manuscript,89,,Manuscript<--->Manuscript
M13,M49,Undirected,2841,Manuscript-Manuscript,90,,Manuscript<--->Manuscript
M13,M50,Undirected,2842,Manuscript-Manuscript,1,,Manuscript<--->Manuscript
M13,M51,Undirected,2843,Manuscript-Manuscript,84,,Manuscript<--->Manuscript
M13,M52,Undirected,2844,Manuscript-Manuscript,3,,Manuscript<--->Manuscript
M13,M53,Undirected,2845,Manuscript-Manuscript,4,,Manuscript<--->Manuscript
M13,M54,Undirected,2846,Manuscript-Manuscript,2,,Manuscript<--->Manuscript
M13,M55,Undirected,2847,Manuscript-Manuscript,60,,Manuscript<--->Manuscript
M13,M56,Undirected,2848,Manuscript-Manuscript,95,,Manuscript<--->Manuscript
M13,M57,Undirected,2849,Manuscript-Manuscript,1,,Manuscript<--->Manuscript
M13,M58,Undirected,2850,Manuscript-Manuscript,1,,Manuscript<--->Manuscript
M13,M59,Undirected,2851,Manuscript-Manuscript,20,,Manuscript<--->Manuscript
M13,M60,Undirected,2852,Manuscript-Manuscript,48,,Manuscript<--->Manuscript
M13,M61,Undirected,2853,Manuscript-Manuscript,1,,Manuscript<--->Manuscript
M13,M62,Undirected,2854,Manuscript-Manuscript,26,,Manuscript<--->Manuscript
M13,M63,Undirected,2855,Manuscript-Manuscript,68,,Manuscript<--->Manuscript
M13,M64,Undirected,2856,Manuscript-Manuscript,1,,Manuscript<--->Manuscript
M13,M65,Undirected,2857,Manuscript-Manuscript,22,,Manuscript<--->Manuscript
M13,M66,Undirected,2858,Manuscript-Manuscript,1,,Manuscript<--->Manuscript
M13,M67,Undirected,2859,Manuscript-Manuscript,3,,Manuscript<--->Manuscript
M13,M70,Undirected,2860,Manuscript-Manuscript,2,,Manuscript<--->Manuscript
M13,M76,Undirected,2861,Manuscript-Manuscript,1,,Manuscript<--->Manuscript
M13,M77,Undirected,2862,Manuscript-Manuscript,1,,Manuscript<--->Manuscript
M14,M20,Undirected,2863,Manuscript-Manuscript,1,,Manuscript<--->Manuscript
M14,M32,Undirected,2864,Manuscript-Manuscript,1,,Manuscript<--->Manuscript
M14,M38,Undirected,2865,Manuscript-Manuscript,2,,Manuscript<--->Manuscript
M14,M42,Undirected,2866,Manuscript-Manuscript,2,,Manuscript<--->Manuscript
M14,M44,Undirected,2867,Manuscript-Manuscript,1,,Manuscript<--->Manuscript
M14,M47,Undirected,2868,Manuscript-Manuscript,1,,Manuscript<--->Manuscript
M14,M49,Undirected,2869,Manuscript-Manuscript,1,,Manuscript<--->Manuscript
M14,M51,Undirected,2870,Manuscript-Manuscript,1,,Manuscript<--->Manuscript
M14,M59,Undirected,2871,Manuscript-Manuscript,2,,Manuscript<--->Manuscript
M15,M19,Undirected,2872,Manuscript-Manuscript,1,,Manuscript<--->Manuscript
M15,M22,Undirected,2873,Manuscript-Manuscript,1,,Manuscript<--->Manuscript
M15,M23,Undirected,2874,Manuscript-Manuscript,1,,Manuscript<--->Manuscript
M15,M24,Undirected,2875,Manuscript-Manuscript,1,,Manuscript<--->Manuscript
M15,M28,Undirected,2876,Manuscript-Manuscript,1,,Manuscript<--->Manuscript
M15,M32,Undirected,2877,Manuscript-Manuscript,1,,Manuscript<--->Manuscript
M15,M33,Undirected,2878,Manuscript-Manuscript,1,,Manuscript<--->Manuscript
M15,M34,Undirected,2879,Manuscript-Manuscript,1,,Manuscript<--->Manuscript
M15,M36,Undirected,2880,Manuscript-Manuscript,1,,Manuscript<--->Manuscript
M15,M38,Undirected,2881,Manuscript-Manuscript,1,,Manuscript<--->Manuscript
M15,M39,Undirected,2882,Manuscript-Manuscript,1,,Manuscript<--->Manuscript
M15,M44,Undirected,2883,Manuscript-Manuscript,1,,Manuscript<--->Manuscript
M15,M50,Undirected,2884,Manuscript-Manuscript,1,,Manuscript<--->Manuscript
M15,M51,Undirected,2885,Manuscript-Manuscript,1,,Manuscript<--->Manuscript
M15,M55,Undirected,2886,Manuscript-Manuscript,1,,Manuscript<--->Manuscript
M15,M56,Undirected,2887,Manuscript-Manuscript,1,,Manuscript<--->Manuscript
M15,M58,Undirected,2888,Manuscript-Manuscript,1,,Manuscript<--->Manuscript
M15,M63,Undirected,2889,Manuscript-Manuscript,1,,Manuscript<--->Manuscript
M15,M64,Undirected,2890,Manuscript-Manuscript,1,,Manuscript<--->Manuscript
M15,M76,Undirected,2891,Manuscript-Manuscript,1,,Manuscript<--->Manuscript
M15,M77,Undirected,2892,Manuscript-Manuscript,1,,Manuscript<--->Manuscript
M16,M19,Undirected,2893,Manuscript-Manuscript,1,,Manuscript<--->Manuscript
M16,M28,Undirected,2894,Manuscript-Manuscript,1,,Manuscript<--->Manuscript
M16,M32,Undirected,2895,Manuscript-Manuscript,1,,Manuscript<--->Manuscript
M16,M33,Undirected,2896,Manuscript-Manuscript,1,,Manuscript<--->Manuscript
M16,M34,Undirected,2897,Manuscript-Manuscript,1,,Manuscript<--->Manuscript
M16,M42,Undirected,2898,Manuscript-Manuscript,1,,Manuscript<--->Manuscript
M16,M44,Undirected,2899,Manuscript-Manuscript,1,,Manuscript<--->Manuscript
M16,M46,Undirected,2900,Manuscript-Manuscript,1,,Manuscript<--->Manuscript
M16,M48,Undirected,2901,Manuscript-Manuscript,1,,Manuscript<--->Manuscript
M16,M49,Undirected,2902,Manuscript-Manuscript,1,,Manuscript<--->Manuscript
M16,M51,Undirected,2903,Manuscript-Manuscript,1,,Manuscript<--->Manuscript
M16,M55,Undirected,2904,Manuscript-Manuscript,1,,Manuscript<--->Manuscript
M16,M56,Undirected,2905,Manuscript-Manuscript,1,,Manuscript<--->Manuscript
M16,M59,Undirected,2906,Manuscript-Manuscript,1,,Manuscript<--->Manuscript
M16,M60,Undirected,2907,Manuscript-Manuscript,1,,Manuscript<--->Manuscript
M16,M62,Undirected,2908,Manuscript-Manuscript,1,,Manuscript<--->Manuscript
M16,M65,Undirected,2909,Manuscript-Manuscript,1,,Manuscript<--->Manuscript
M17,M19,Undirected,2910,Manuscript-Manuscript,2,,Manuscript<--->Manuscript
M17,M27,Undirected,2911,Manuscript-Manuscript,1,,Manuscript<--->Manuscript
M17,M28,Undirected,2912,Manuscript-Manuscript,2,,Manuscript<--->Manuscript
M17,M32,Undirected,2913,Manuscript-Manuscript,1,,Manuscript<--->Manuscript
M17,M33,Undirected,2914,Manuscript-Manuscript,2,,Manuscript<--->Manuscript
M17,M34,Undirected,2915,Manuscript-Manuscript,2,,Manuscript<--->Manuscript
M17,M35,Undirected,2916,Manuscript-Manuscript,1,,Manuscript<--->Manuscript
M17,M36,Undirected,2917,Manuscript-Manuscript,2,,Manuscript<--->Manuscript
M17,M42,Undirected,2918,Manuscript-Manuscript,1,,Manuscript<--->Manuscript
M17,M44,Undirected,2919,Manuscript-Manuscript,1,,Manuscript<--->Manuscript
M17,M46,Undirected,2920,Manuscript-Manuscript,1,,Manuscript<--->Manuscript
M17,M48,Undirected,2921,Manuscript-Manuscript,1,,Manuscript<--->Manuscript
M17,M49,Undirected,2922,Manuscript-Manuscript,1,,Manuscript<--->Manuscript
M17,M51,Undirected,2923,Manuscript-Manuscript,1,,Manuscript<--->Manuscript
M17,M55,Undirected,2924,Manuscript-Manuscript,1,,Manuscript<--->Manuscript
M17,M56,Undirected,2925,Manuscript-Manuscript,2,,Manuscript<--->Manuscript
M17,M60,Undirected,2926,Manuscript-Manuscript,1,,Manuscript<--->Manuscript
M17,M63,Undirected,2927,Manuscript-Manuscript,2,,Manuscript<--->Manuscript
M18,M19,Undirected,2928,Manuscript-Manuscript,2,,Manuscript<--->Manuscript
M18,M28,Undirected,2929,Manuscript-Manuscript,2,,Manuscript<--->Manuscript
M18,M32,Undirected,2930,Manuscript-Manuscript,1,,Manuscript<--->Manuscript
M18,M33,Undirected,2931,Manuscript-Manuscript,1,,Manuscript<--->Manuscript
M18,M34,Undirected,2932,Manuscript-Manuscript,2,,Manuscript<--->Manuscript
M18,M36,Undirected,2933,Manuscript-Manuscript,2,,Manuscript<--->Manuscript
M18,M42,Undirected,2934,Manuscript-Manuscript,2,,Manuscript<--->Manuscript
M18,M44,Undirected,2935,Manuscript-Manuscript,1,,Manuscript<--->Manuscript
M18,M46,Undirected,2936,Manuscript-Manuscript,2,,Manuscript<--->Manuscript
M18,M48,Undirected,2937,Manuscript-Manuscript,2,,Manuscript<--->Manuscript
M18,M49,Undirected,2938,Manuscript-Manuscript,2,,Manuscript<--->Manuscript
M18,M51,Undirected,2939,Manuscript-Manuscript,1,,Manuscript<--->Manuscript
M18,M55,Undirected,2940,Manuscript-Manuscript,3,,Manuscript<--->Manuscript
M18,M56,Undirected,2941,Manuscript-Manuscript,2,,Manuscript<--->Manuscript
M18,M59,Undirected,2942,Manuscript-Manuscript,1,,Manuscript<--->Manuscript
M18,M60,Undirected,2943,Manuscript-Manuscript,2,,Manuscript<--->Manuscript
M18,M63,Undirected,2944,Manuscript-Manuscript,2,,Manuscript<--->Manuscript
M18,M66,Undirected,2945,Manuscript-Manuscript,1,,Manuscript<--->Manuscript
M19,M20,Undirected,2946,Manuscript-Manuscript,1,,Manuscript<--->Manuscript
M19,M22,Undirected,2947,Manuscript-Manuscript,1,,Manuscript<--->Manuscript
M19,M23,Undirected,2948,Manuscript-Manuscript,1,,Manuscript<--->Manuscript
M19,M24,Undirected,2949,Manuscript-Manuscript,1,,Manuscript<--->Manuscript
M19,M25,Undirected,2950,Manuscript-Manuscript,2,,Manuscript<--->Manuscript
M19,M27,Undirected,2951,Manuscript-Manuscript,6,,Manuscript<--->Manuscript
M19,M28,Undirected,2952,Manuscript-Manuscript,62,,Manuscript<--->Manuscript
M19,M29,Undirected,2953,Manuscript-Manuscript,1,,Manuscript<--->Manuscript
M19,M32,Undirected,2954,Manuscript-Manuscript,61,,Manuscript<--->Manuscript
M19,M33,Undirected,2955,Manuscript-Manuscript,46,,Manuscript<--->Manuscript
M19,M34,Undirected,2956,Manuscript-Manuscript,56,,Manuscript<--->Manuscript
M19,M35,Undirected,2957,Manuscript-Manuscript,8,,Manuscript<--->Manuscript
M19,M36,Undirected,2958,Manuscript-Manuscript,45,,Manuscript<--->Manuscript
M19,M37,Undirected,2959,Manuscript-Manuscript,2,,Manuscript<--->Manuscript
M19,M38,Undirected,2960,Manuscript-Manuscript,3,,Manuscript<--->Manuscript
M19,M39,Undirected,2961,Manuscript-Manuscript,3,,Manuscript<--->Manuscript
M19,M41,Undirected,2962,Manuscript-Manuscript,5,,Manuscript<--->Manuscript
M19,M42,Undirected,2963,Manuscript-Manuscript,45,,Manuscript<--->Manuscript
M19,M43,Undirected,2964,Manuscript-Manuscript,1,,Manuscript<--->Manuscript
M19,M44,Undirected,2965,Manuscript-Manuscript,53,,Manuscript<--->Manuscript
M19,M45,Undirected,2966,Manuscript-Manuscript,1,,Manuscript<--->Manuscript
M19,M46,Undirected,2967,Manuscript-Manuscript,33,,Manuscript<--->Manuscript
M19,M48,Undirected,2968,Manuscript-Manuscript,58,,Manuscript<--->Manuscript
M19,M49,Undirected,2969,Manuscript-Manuscript,58,,Manuscript<--->Manuscript
M19,M50,Undirected,2970,Manuscript-Manuscript,1,,Manuscript<--->Manuscript
M19,M51,Undirected,2971,Manuscript-Manuscript,60,,Manuscript<--->Manuscript
M19,M53,Undirected,2972,Manuscript-Manuscript,3,,Manuscript<--->Manuscript
M19,M54,Undirected,2973,Manuscript-Manuscript,2,,Manuscript<--->Manuscript
M19,M55,Undirected,2974,Manuscript-Manuscript,35,,Manuscript<--->Manuscript
M19,M56,Undirected,2975,Manuscript-Manuscript,70,,Manuscript<--->Manuscript
M19,M58,Undirected,2976,Manuscript-Manuscript,1,,Manuscript<--->Manuscript
M19,M59,Undirected,2977,Manuscript-Manuscript,7,,Manuscript<--->Manuscript
M19,M60,Undirected,2978,Manuscript-Manuscript,42,,Manuscript<--->Manuscript
M19,M61,Undirected,2979,Manuscript-Manuscript,1,,Manuscript<--->Manuscript
M19,M62,Undirected,2980,Manuscript-Manuscript,25,,Manuscript<--->Manuscript
M19,M63,Undirected,2981,Manuscript-Manuscript,48,,Manuscript<--->Manuscript
M19,M64,Undirected,2982,Manuscript-Manuscript,1,,Manuscript<--->Manuscript
M19,M65,Undirected,2983,Manuscript-Manuscript,19,,Manuscript<--->Manuscript
M19,M66,Undirected,2984,Manuscript-Manuscript,1,,Manuscript<--->Manuscript
M19,M67,Undirected,2985,Manuscript-Manuscript,2,,Manuscript<--->Manuscript
M19,M70,Undirected,2986,Manuscript-Manuscript,2,,Manuscript<--->Manuscript
M19,M76,Undirected,2987,Manuscript-Manuscript,1,,Manuscript<--->Manuscript
M19,M77,Undirected,2988,Manuscript-Manuscript,1,,Manuscript<--->Manuscript
M20,M26,Undirected,2989,Manuscript-Manuscript,1,,Manuscript<--->Manuscript
M20,M28,Undirected,2990,Manuscript-Manuscript,3,,Manuscript<--->Manuscript
M20,M32,Undirected,2991,Manuscript-Manuscript,2,,Manuscript<--->Manuscript
M20,M33,Undirected,2992,Manuscript-Manuscript,2,,Manuscript<--->Manuscript
M20,M34,Undirected,2993,Manuscript-Manuscript,1,,Manuscript<--->Manuscript
M20,M38,Undirected,2994,Manuscript-Manuscript,3,,Manuscript<--->Manuscript
M20,M42,Undirected,2995,Manuscript-Manuscript,4,,Manuscript<--->Manuscript
M20,M44,Undirected,2996,Manuscript-Manuscript,2,,Manuscript<--->Manuscript
M20,M46,Undirected,2997,Manuscript-Manuscript,1,,Manuscript<--->Manuscript
M20,M47,Undirected,2998,Manuscript-Manuscript,1,,Manuscript<--->Manuscript
M20,M48,Undirected,2999,Manuscript-Manuscript,2,,Manuscript<--->Manuscript
M20,M49,Undirected,3000,Manuscript-Manuscript,3,,Manuscript<--->Manuscript
M20,M51,Undirected,3001,Manuscript-Manuscript,3,,Manuscript<--->Manuscript
M20,M55,Undirected,3002,Manuscript-Manuscript,1,,Manuscript<--->Manuscript
M20,M56,Undirected,3003,Manuscript-Manuscript,1,,Manuscript<--->Manuscript
M20,M59,Undirected,3004,Manuscript-Manuscript,2,,Manuscript<--->Manuscript
M20,M60,Undirected,3005,Manuscript-Manuscript,1,,Manuscript<--->Manuscript
M20,M62,Undirected,3006,Manuscript-Manuscript,1,,Manuscript<--->Manuscript
M20,M65,Undirected,3007,Manuscript-Manuscript,1,,Manuscript<--->Manuscript
M21,M27,Undirected,3008,Manuscript-Manuscript,2,,Manuscript<--->Manuscript
M21,M28,Undirected,3009,Manuscript-Manuscript,2,,Manuscript<--->Manuscript
M21,M32,Undirected,3010,Manuscript-Manuscript,1,,Manuscript<--->Manuscript
M21,M33,Undirected,3011,Manuscript-Manuscript,2,,Manuscript<--->Manuscript
M21,M36,Undirected,3012,Manuscript-Manuscript,2,,Manuscript<--->Manuscript
M21,M38,Undirected,3013,Manuscript-Manuscript,1,,Manuscript<--->Manuscript
M21,M39,Undirected,3014,Manuscript-Manuscript,1,,Manuscript<--->Manuscript
M21,M42,Undirected,3015,Manuscript-Manuscript,1,,Manuscript<--->Manuscript
M21,M44,Undirected,3016,Manuscript-Manuscript,1,,Manuscript<--->Manuscript
M21,M46,Undirected,3017,Manuscript-Manuscript,2,,Manuscript<--->Manuscript
M21,M47,Undirected,3018,Manuscript-Manuscript,2,,Manuscript<--->Manuscript
M21,M48,Undirected,3019,Manuscript-Manuscript,2,,Manuscript<--->Manuscript
M21,M49,Undirected,3020,Manuscript-Manuscript,2,,Manuscript<--->Manuscript
M21,M51,Undirected,3021,Manuscript-Manuscript,1,,Manuscript<--->Manuscript
M21,M52,Undirected,3022,Manuscript-Manuscript,2,,Manuscript<--->Manuscript
M21,M55,Undirected,3023,Manuscript-Manuscript,1,,Manuscript<--->Manuscript
M21,M56,Undirected,3024,Manuscript-Manuscript,1,,Manuscript<--->Manuscript
M21,M59,Undirected,3025,Manuscript-Manuscript,2,,Manuscript<--->Manuscript
M22,M23,Undirected,3026,Manuscript-Manuscript,1,,Manuscript<--->Manuscript
M22,M24,Undirected,3027,Manuscript-Manuscript,1,,Manuscript<--->Manuscript
M22,M28,Undirected,3028,Manuscript-Manuscript,1,,Manuscript<--->Manuscript
M22,M32,Undirected,3029,Manuscript-Manuscript,1,,Manuscript<--->Manuscript
M22,M33,Undirected,3030,Manuscript-Manuscript,1,,Manuscript<--->Manuscript
M22,M34,Undirected,3031,Manuscript-Manuscript,1,,Manuscript<--->Manuscript
M22,M36,Undirected,3032,Manuscript-Manuscript,1,,Manuscript<--->Manuscript
M22,M38,Undirected,3033,Manuscript-Manuscript,1,,Manuscript<--->Manuscript
M22,M39,Undirected,3034,Manuscript-Manuscript,1,,Manuscript<--->Manuscript
M22,M44,Undirected,3035,Manuscript-Manuscript,1,,Manuscript<--->Manuscript
M22,M50,Undirected,3036,Manuscript-Manuscript,1,,Manuscript<--->Manuscript
M22,M51,Undirected,3037,Manuscript-Manuscript,1,,Manuscript<--->Manuscript
M22,M55,Undirected,3038,Manuscript-Manuscript,1,,Manuscript<--->Manuscript
M22,M56,Undirected,3039,Manuscript-Manuscript,1,,Manuscript<--->Manuscript
M22,M58,Undirected,3040,Manuscript-Manuscript,1,,Manuscript<--->Manuscript
M22,M63,Undirected,3041,Manuscript-Manuscript,1,,Manuscript<--->Manuscript
M22,M64,Undirected,3042,Manuscript-Manuscript,1,,Manuscript<--->Manuscript
M22,M76,Undirected,3043,Manuscript-Manuscript,1,,Manuscript<--->Manuscript
M22,M77,Undirected,3044,Manuscript-Manuscript,1,,Manuscript<--->Manuscript
M23,M24,Undirected,3045,Manuscript-Manuscript,1,,Manuscript<--->Manuscript
M23,M28,Undirected,3046,Manuscript-Manuscript,1,,Manuscript<--->Manuscript
M23,M32,Undirected,3047,Manuscript-Manuscript,1,,Manuscript<--->Manuscript
M23,M33,Undirected,3048,Manuscript-Manuscript,1,,Manuscript<--->Manuscript
M23,M34,Undirected,3049,Manuscript-Manuscript,1,,Manuscript<--->Manuscript
M23,M36,Undirected,3050,Manuscript-Manuscript,1,,Manuscript<--->Manuscript
M23,M38,Undirected,3051,Manuscript-Manuscript,1,,Manuscript<--->Manuscript
M23,M39,Undirected,3052,Manuscript-Manuscript,1,,Manuscript<--->Manuscript
M23,M44,Undirected,3053,Manuscript-Manuscript,1,,Manuscript<--->Manuscript
M23,M50,Undirected,3054,Manuscript-Manuscript,1,,Manuscript<--->Manuscript
M23,M51,Undirected,3055,Manuscript-Manuscript,1,,Manuscript<--->Manuscript
M23,M55,Undirected,3056,Manuscript-Manuscript,1,,Manuscript<--->Manuscript
M23,M56,Undirected,3057,Manuscript-Manuscript,1,,Manuscript<--->Manuscript
M23,M58,Undirected,3058,Manuscript-Manuscript,1,,Manuscript<--->Manuscript
M23,M63,Undirected,3059,Manuscript-Manuscript,1,,Manuscript<--->Manuscript
M23,M64,Undirected,3060,Manuscript-Manuscript,1,,Manuscript<--->Manuscript
M23,M76,Undirected,3061,Manuscript-Manuscript,1,,Manuscript<--->Manuscript
M23,M77,Undirected,3062,Manuscript-Manuscript,1,,Manuscript<--->Manuscript
M24,M28,Undirected,3063,Manuscript-Manuscript,1,,Manuscript<--->Manuscript
M24,M32,Undirected,3064,Manuscript-Manuscript,1,,Manuscript<--->Manuscript
M24,M33,Undirected,3065,Manuscript-Manuscript,1,,Manuscript<--->Manuscript
M24,M34,Undirected,3066,Manuscript-Manuscript,1,,Manuscript<--->Manuscript
M24,M36,Undirected,3067,Manuscript-Manuscript,1,,Manuscript<--->Manuscript
M24,M38,Undirected,3068,Manuscript-Manuscript,1,,Manuscript<--->Manuscript
M24,M39,Undirected,3069,Manuscript-Manuscript,1,,Manuscript<--->Manuscript
M24,M44,Undirected,3070,Manuscript-Manuscript,1,,Manuscript<--->Manuscript
M24,M50,Undirected,3071,Manuscript-Manuscript,1,,Manuscript<--->Manuscript
M24,M51,Undirected,3072,Manuscript-Manuscript,1,,Manuscript<--->Manuscript
M24,M55,Undirected,3073,Manuscript-Manuscript,1,,Manuscript<--->Manuscript
M24,M56,Undirected,3074,Manuscript-Manuscript,1,,Manuscript<--->Manuscript
M24,M58,Undirected,3075,Manuscript-Manuscript,1,,Manuscript<--->Manuscript
M24,M63,Undirected,3076,Manuscript-Manuscript,1,,Manuscript<--->Manuscript
M24,M64,Undirected,3077,Manuscript-Manuscript,1,,Manuscript<--->Manuscript
M24,M76,Undirected,3078,Manuscript-Manuscript,1,,Manuscript<--->Manuscript
M24,M77,Undirected,3079,Manuscript-Manuscript,1,,Manuscript<--->Manuscript
M25,M28,Undirected,3080,Manuscript-Manuscript,2,,Manuscript<--->Manuscript
M25,M32,Undirected,3081,Manuscript-Manuscript,2,,Manuscript<--->Manuscript
M25,M33,Undirected,3082,Manuscript-Manuscript,2,,Manuscript<--->Manuscript
M25,M42,Undirected,3083,Manuscript-Manuscript,1,,Manuscript<--->Manuscript
M25,M44,Undirected,3084,Manuscript-Manuscript,2,,Manuscript<--->Manuscript
M25,M46,Undirected,3085,Manuscript-Manuscript,1,,Manuscript<--->Manuscript
M25,M48,Undirected,3086,Manuscript-Manuscript,2,,Manuscript<--->Manuscript
M25,M49,Undirected,3087,Manuscript-Manuscript,2,,Manuscript<--->Manuscript
M25,M51,Undirected,3088,Manuscript-Manuscript,1,,Manuscript<--->Manuscript
M25,M55,Undirected,3089,Manuscript-Manuscript,1,,Manuscript<--->Manuscript
M25,M56,Undirected,3090,Manuscript-Manuscript,2,,Manuscript<--->Manuscript
M25,M60,Undirected,3091,Manuscript-Manuscript,2,,Manuscript<--->Manuscript
M25,M62,Undirected,3092,Manuscript-Manuscript,2,,Manuscript<--->Manuscript
M25,M65,Undirected,3093,Manuscript-Manuscript,1,,Manuscript<--->Manuscript
M26,M28,Undirected,3094,Manuscript-Manuscript,2,,Manuscript<--->Manuscript
M26,M32,Undirected,3095,Manuscript-Manuscript,1,,Manuscript<--->Manuscript
M26,M33,Undirected,3096,Manuscript-Manuscript,1,,Manuscript<--->Manuscript
M26,M34,Undirected,3097,Manuscript-Manuscript,1,,Manuscript<--->Manuscript
M26,M36,Undirected,3098,Manuscript-Manuscript,1,,Manuscript<--->Manuscript
M26,M38,Undirected,3099,Manuscript-Manuscript,2,,Manuscript<--->Manuscript
M26,M42,Undirected,3100,Manuscript-Manuscript,2,,Manuscript<--->Manuscript
M26,M44,Undirected,3101,Manuscript-Manuscript,2,,Manuscript<--->Manuscript
M26,M48,Undirected,3102,Manuscript-Manuscript,2,,Manuscript<--->Manuscript
M26,M49,Undirected,3103,Manuscript-Manuscript,1,,Manuscript<--->Manuscript
M26,M51,Undirected,3104,Manuscript-Manuscript,1,,Manuscript<--->Manuscript
M26,M55,Undirected,3105,Manuscript-Manuscript,1,,Manuscript<--->Manuscript
M26,M56,Undirected,3106,Manuscript-Manuscript,1,,Manuscript<--->Manuscript
M26,M59,Undirected,3107,Manuscript-Manuscript,1,,Manuscript<--->Manuscript
M26,M63,Undirected,3108,Manuscript-Manuscript,1,,Manuscript<--->Manuscript
M27,M28,Undirected,3109,Manuscript-Manuscript,9,,Manuscript<--->Manuscript
M27,M32,Undirected,3110,Manuscript-Manuscript,1,,Manuscript<--->Manuscript
M27,M33,Undirected,3111,Manuscript-Manuscript,4,,Manuscript<--->Manuscript
M27,M34,Undirected,3112,Manuscript-Manuscript,6,,Manuscript<--->Manuscript
M27,M36,Undirected,3113,Manuscript-Manuscript,11,,Manuscript<--->Manuscript
M27,M38,Undirected,3114,Manuscript-Manuscript,3,,Manuscript<--->Manuscript
M27,M39,Undirected,3115,Manuscript-Manuscript,1,,Manuscript<--->Manuscript
M27,M42,Undirected,3116,Manuscript-Manuscript,2,,Manuscript<--->Manuscript
M27,M44,Undirected,3117,Manuscript-Manuscript,3,,Manuscript<--->Manuscript
M27,M46,Undirected,3118,Manuscript-Manuscript,3,,Manuscript<--->Manuscript
M27,M47,Undirected,3119,Manuscript-Manuscript,2,,Manuscript<--->Manuscript
M27,M48,Undirected,3120,Manuscript-Manuscript,4,,Manuscript<--->Manuscript
M27,M49,Undirected,3121,Manuscript-Manuscript,3,,Manuscript<--->Manuscript
M27,M51,Undirected,3122,Manuscript-Manuscript,1,,Manuscript<--->Manuscript
M27,M52,Undirected,3123,Manuscript-Manuscript,2,,Manuscript<--->Manuscript
M27,M55,Undirected,3124,Manuscript-Manuscript,4,,Manuscript<--->Manuscript
M27,M56,Undirected,3125,Manuscript-Manuscript,9,,Manuscript<--->Manuscript
M27,M59,Undirected,3126,Manuscript-Manuscript,4,,Manuscript<--->Manuscript
M27,M63,Undirected,3127,Manuscript-Manuscript,7,,Manuscript<--->Manuscript
M28,M29,Undirected,3128,Manuscript-Manuscript,2,,Manuscript<--->Manuscript
M28,M32,Undirected,3129,Manuscript-Manuscript,70,,Manuscript<--->Manuscript
M28,M33,Undirected,3130,Manuscript-Manuscript,69,,Manuscript<--->Manuscript
M28,M34,Undirected,3131,Manuscript-Manuscript,71,,Manuscript<--->Manuscript
M28,M35,Undirected,3132,Manuscript-Manuscript,8,,Manuscript<--->Manuscript
M28,M36,Undirected,3133,Manuscript-Manuscript,63,,Manuscript<--->Manuscript
M28,M37,Undirected,3134,Manuscript-Manuscript,2,,Manuscript<--->Manuscript
M28,M38,Undirected,3135,Manuscript-Manuscript,29,,Manuscript<--->Manuscript
M28,M39,Undirected,3136,Manuscript-Manuscript,3,,Manuscript<--->Manuscript
M28,M40,Undirected,3137,Manuscript-Manuscript,1,,Manuscript<--->Manuscript
M28,M41,Undirected,3138,Manuscript-Manuscript,5,,Manuscript<--->Manuscript
M28,M42,Undirected,3139,Manuscript-Manuscript,69,,Manuscript<--->Manuscript
M28,M43,Undirected,3140,Manuscript-Manuscript,1,,Manuscript<--->Manuscript
M28,M44,Undirected,3141,Manuscript-Manuscript,72,,Manuscript<--->Manuscript
M28,M45,Undirected,3142,Manuscript-Manuscript,1,,Manuscript<--->Manuscript
M28,M46,Undirected,3143,Manuscript-Manuscript,38,,Manuscript<--->Manuscript
M28,M47,Undirected,3144,Manuscript-Manuscript,2,,Manuscript<--->Manuscript
M28,M48,Undirected,3145,Manuscript-Manuscript,88,,Manuscript<--->Manuscript
M28,M49,Undirected,3146,Manuscript-Manuscript,86,,Manuscript<--->Manuscript
M28,M50,Undirected,3147,Manuscript-Manuscript,1,,Manuscript<--->Manuscript
M28,M51,Undirected,3148,Manuscript-Manuscript,72,,Manuscript<--->Manuscript
M28,M52,Undirected,3149,Manuscript-Manuscript,3,,Manuscript<--->Manuscript
M28,M53,Undirected,3150,Manuscript-Manuscript,4,,Manuscript<--->Manuscript
M28,M54,Undirected,3151,Manuscript-Manuscript,2,,Manuscript<--->Manuscript
M28,M55,Undirected,3152,Manuscript-Manuscript,53,,Manuscript<--->Manuscript
M28,M56,Undirected,3153,Manuscript-Manuscript,87,,Manuscript<--->Manuscript
M28,M58,Undirected,3154,Manuscript-Manuscript,1,,Manuscript<--->Manuscript
M28,M59,Undirected,3155,Manuscript-Manuscript,18,,Manuscript<--->Manuscript
M28,M60,Undirected,3156,Manuscript-Manuscript,42,,Manuscript<--->Manuscript
M28,M61,Undirected,3157,Manuscript-Manuscript,1,,Manuscript<--->Manuscript
M28,M62,Undirected,3158,Manuscript-Manuscript,24,,Manuscript<--->Manuscript
M28,M63,Undirected,3159,Manuscript-Manuscript,60,,Manuscript<--->Manuscript
M28,M64,Undirected,3160,Manuscript-Manuscript,1,,Manuscript<--->Manuscript
M28,M65,Undirected,3161,Manuscript-Manuscript,19,,Manuscript<--->Manuscript
M28,M66,Undirected,3162,Manuscript-Manuscript,1,,Manuscript<--->Manuscript
M28,M67,Undirected,3163,Manuscript-Manuscript,2,,Manuscript<--->Manuscript
M28,M70,Undirected,3164,Manuscript-Manuscript,2,,Manuscript<--->Manuscript
M28,M76,Undirected,3165,Manuscript-Manuscript,1,,Manuscript<--->Manuscript
M28,M77,Undirected,3166,Manuscript-Manuscript,1,,Manuscript<--->Manuscript
M29,M32,Undirected,3167,Manuscript-Manuscript,2,,Manuscript<--->Manuscript
M29,M33,Undirected,3168,Manuscript-Manuscript,1,,Manuscript<--->Manuscript
M29,M34,Undirected,3169,Manuscript-Manuscript,2,,Manuscript<--->Manuscript
M29,M35,Undirected,3170,Manuscript-Manuscript,1,,Manuscript<--->Manuscript
M29,M41,Undirected,3171,Manuscript-Manuscript,1,,Manuscript<--->Manuscript
M29,M42,Undirected,3172,Manuscript-Manuscript,1,,Manuscript<--->Manuscript
M29,M44,Undirected,3173,Manuscript-Manuscript,1,,Manuscript<--->Manuscript
M29,M46,Undirected,3174,Manuscript-Manuscript,1,,Manuscript<--->Manuscript
M29,M48,Undirected,3175,Manuscript-Manuscript,2,,Manuscript<--->Manuscript
M29,M49,Undirected,3176,Manuscript-Manuscript,2,,Manuscript<--->Manuscript
M29,M51,Undirected,3177,Manuscript-Manuscript,2,,Manuscript<--->Manuscript
M29,M55,Undirected,3178,Manuscript-Manuscript,1,,Manuscript<--->Manuscript
M29,M56,Undirected,3179,Manuscript-Manuscript,1,,Manuscript<--->Manuscript
M29,M60,Undirected,3180,Manuscript-Manuscript,1,,Manuscript<--->Manuscript
M29,M62,Undirected,3181,Manuscript-Manuscript,1,,Manuscript<--->Manuscript
M30,M34,Undirected,3182,Manuscript-Manuscript,1,,Manuscript<--->Manuscript
M30,M36,Undirected,3183,Manuscript-Manuscript,1,,Manuscript<--->Manuscript
M30,M44,Undirected,3184,Manuscript-Manuscript,1,,Manuscript<--->Manuscript
M30,M46,Undirected,3185,Manuscript-Manuscript,1,,Manuscript<--->Manuscript
M30,M49,Undirected,3186,Manuscript-Manuscript,1,,Manuscript<--->Manuscript
M30,M51,Undirected,3187,Manuscript-Manuscript,1,,Manuscript<--->Manuscript
M30,M60,Undirected,3188,Manuscript-Manuscript,1,,Manuscript<--->Manuscript
M30,M63,Undirected,3189,Manuscript-Manuscript,1,,Manuscript<--->Manuscript
M31,M32,Undirected,3190,Manuscript-Manuscript,1,,Manuscript<--->Manuscript
M31,M38,Undirected,3191,Manuscript-Manuscript,1,,Manuscript<--->Manuscript
M31,M42,Undirected,3192,Manuscript-Manuscript,1,,Manuscript<--->Manuscript
M31,M47,Undirected,3193,Manuscript-Manuscript,1,,Manuscript<--->Manuscript
M31,M51,Undirected,3194,Manuscript-Manuscript,1,,Manuscript<--->Manuscript
M31,M57,Undirected,3195,Manuscript-Manuscript,1,,Manuscript<--->Manuscript
M31,M65,Undirected,3196,Manuscript-Manuscript,1,,Manuscript<--->Manuscript
M32,M33,Undirected,3197,Manuscript-Manuscript,51,,Manuscript<--->Manuscript
M32,M34,Undirected,3198,Manuscript-Manuscript,55,,Manuscript<--->Manuscript
M32,M35,Undirected,3199,Manuscript-Manuscript,8,,Manuscript<--->Manuscript
M32,M36,Undirected,3200,Manuscript-Manuscript,44,,Manuscript<--->Manuscript
M32,M37,Undirected,3201,Manuscript-Manuscript,2,,Manuscript<--->Manuscript
M32,M38,Undirected,3202,Manuscript-Manuscript,15,,Manuscript<--->Manuscript
M32,M39,Undirected,3203,Manuscript-Manuscript,4,,Manuscript<--->Manuscript
M32,M41,Undirected,3204,Manuscript-Manuscript,5,,Manuscript<--->Manuscript
M32,M42,Undirected,3205,Manuscript-Manuscript,53,,Manuscript<--->Manuscript
M32,M43,Undirected,3206,Manuscript-Manuscript,1,,Manuscript<--->Manuscript
M32,M44,Undirected,3207,Manuscript-Manuscript,57,,Manuscript<--->Manuscript
M32,M45,Undirected,3208,Manuscript-Manuscript,1,,Manuscript<--->Manuscript
M32,M46,Undirected,3209,Manuscript-Manuscript,33,,Manuscript<--->Manuscript
M32,M47,Undirected,3210,Manuscript-Manuscript,2,,Manuscript<--->Manuscript
M32,M48,Undirected,3211,Manuscript-Manuscript,69,,Manuscript<--->Manuscript
M32,M49,Undirected,3212,Manuscript-Manuscript,73,,Manuscript<--->Manuscript
M32,M50,Undirected,3213,Manuscript-Manuscript,1,,Manuscript<--->Manuscript
M32,M51,Undirected,3214,Manuscript-Manuscript,78,,Manuscript<--->Manuscript
M32,M52,Undirected,3215,Manuscript-Manuscript,2,,Manuscript<--->Manuscript
M32,M53,Undirected,3216,Manuscript-Manuscript,4,,Manuscript<--->Manuscript
M32,M54,Undirected,3217,Manuscript-Manuscript,2,,Manuscript<--->Manuscript
M32,M55,Undirected,3218,Manuscript-Manuscript,40,,Manuscript<--->Manuscript
M32,M56,Undirected,3219,Manuscript-Manuscript,67,,Manuscript<--->Manuscript
M32,M57,Undirected,3220,Manuscript-Manuscript,2,,Manuscript<--->Manuscript
M32,M58,Undirected,3221,Manuscript-Manuscript,1,,Manuscript<--->Manuscript
M32,M59,Undirected,3222,Manuscript-Manuscript,10,,Manuscript<--->Manuscript
M32,M60,Undirected,3223,Manuscript-Manuscript,39,,Manuscript<--->Manuscript
M32,M61,Undirected,3224,Manuscript-Manuscript,1,,Manuscript<--->Manuscript
M32,M62,Undirected,3225,Manuscript-Manuscript,23,,Manuscript<--->Manuscript
M32,M63,Undirected,3226,Manuscript-Manuscript,45,,Manuscript<--->Manuscript
M32,M64,Undirected,3227,Manuscript-Manuscript,1,,Manuscript<--->Manuscript
M32,M65,Undirected,3228,Manuscript-Manuscript,18,,Manuscript<--->Manuscript
M32,M67,Undirected,3229,Manuscript-Manuscript,2,,Manuscript<--->Manuscript
M32,M70,Undirected,3230,Manuscript-Manuscript,2,,Manuscript<--->Manuscript
M32,M76,Undirected,3231,Manuscript-Manuscript,1,,Manuscript<--->Manuscript
M32,M77,Undirected,3232,Manuscript-Manuscript,1,,Manuscript<--->Manuscript
M33,M34,Undirected,3233,Manuscript-Manuscript,50,,Manuscript<--->Manuscript
M33,M35,Undirected,3234,Manuscript-Manuscript,9,,Manuscript<--->Manuscript
M33,M36,Undirected,3235,Manuscript-Manuscript,43,,Manuscript<--->Manuscript
M33,M37,Undirected,3236,Manuscript-Manuscript,2,,Manuscript<--->Manuscript
M33,M38,Undirected,3237,Manuscript-Manuscript,20,,Manuscript<--->Manuscript
M33,M39,Undirected,3238,Manuscript-Manuscript,2,,Manuscript<--->Manuscript
M33,M41,Undirected,3239,Manuscript-Manuscript,5,,Manuscript<--->Manuscript
M33,M42,Undirected,3240,Manuscript-Manuscript,55,,Manuscript<--->Manuscript
M33,M44,Undirected,3241,Manuscript-Manuscript,61,,Manuscript<--->Manuscript
M33,M45,Undirected,3242,Manuscript-Manuscript,1,,Manuscript<--->Manuscript
M33,M46,Undirected,3243,Manuscript-Manuscript,36,,Manuscript<--->Manuscript
M33,M47,Undirected,3244,Manuscript-Manuscript,2,,Manuscript<--->Manuscript
M33,M48,Undirected,3245,Manuscript-Manuscript,64,,Manuscript<--->Manuscript
M33,M49,Undirected,3246,Manuscript-Manuscript,66,,Manuscript<--->Manuscript
M33,M50,Undirected,3247,Manuscript-Manuscript,1,,Manuscript<--->Manuscript
M33,M51,Undirected,3248,Manuscript-Manuscript,52,,Manuscript<--->Manuscript
M33,M52,Undirected,3249,Manuscript-Manuscript,3,,Manuscript<--->Manuscript
M33,M54,Undirected,3250,Manuscript-Manuscript,2,,Manuscript<--->Manuscript
M33,M55,Undirected,3251,Manuscript-Manuscript,41,,Manuscript<--->Manuscript
M33,M56,Undirected,3252,Manuscript-Manuscript,64,,Manuscript<--->Manuscript
M33,M58,Undirected,3253,Manuscript-Manuscript,1,,Manuscript<--->Manuscript
M33,M59,Undirected,3254,Manuscript-Manuscript,17,,Manuscript<--->Manuscript
M33,M60,Undirected,3255,Manuscript-Manuscript,38,,Manuscript<--->Manuscript
M33,M61,Undirected,3256,Manuscript-Manuscript,1,,Manuscript<--->Manuscript
M33,M62,Undirected,3257,Manuscript-Manuscript,22,,Manuscript<--->Manuscript
M33,M63,Undirected,3258,Manuscript-Manuscript,40,,Manuscript<--->Manuscript
M33,M64,Undirected,3259,Manuscript-Manuscript,1,,Manuscript<--->Manuscript
M33,M65,Undirected,3260,Manuscript-Manuscript,18,,Manuscript<--->Manuscript
M33,M67,Undirected,3261,Manuscript-Manuscript,2,,Manuscript<--->Manuscript
M33,M70,Undirected,3262,Manuscript-Manuscript,2,,Manuscript<--->Manuscript
M33,M76,Undirected,3263,Manuscript-Manuscript,1,,Manuscript<--->Manuscript
M33,M77,Undirected,3264,Manuscript-Manuscript,1,,Manuscript<--->Manuscript
M34,M35,Undirected,3265,Manuscript-Manuscript,9,,Manuscript<--->Manuscript
M34,M36,Undirected,3266,Manuscript-Manuscript,58,,Manuscript<--->Manuscript
M34,M37,Undirected,3267,Manuscript-Manuscript,2,,Manuscript<--->Manuscript
M34,M38,Undirected,3268,Manuscript-Manuscript,21,,Manuscript<--->Manuscript
M34,M39,Undirected,3269,Manuscript-Manuscript,3,,Manuscript<--->Manuscript
M34,M41,Undirected,3270,Manuscript-Manuscript,2,,Manuscript<--->Manuscript
M34,M42,Undirected,3271,Manuscript-Manuscript,53,,Manuscript<--->Manuscript
M34,M44,Undirected,3272,Manuscript-Manuscript,58,,Manuscript<--->Manuscript
M34,M45,Undirected,3273,Manuscript-Manuscript,1,,Manuscript<--->Manuscript
M34,M46,Undirected,3274,Manuscript-Manuscript,28,,Manuscript<--->Manuscript
M34,M47,Undirected,3275,Manuscript-Manuscript,2,,Manuscript<--->Manuscript
M34,M48,Undirected,3276,Manuscript-Manuscript,69,,Manuscript<--->Manuscript
M34,M49,Undirected,3277,Manuscript-Manuscript,64,,Manuscript<--->Manuscript
M34,M50,Undirected,3278,Manuscript-Manuscript,1,,Manuscript<--->Manuscript
M34,M51,Undirected,3279,Manuscript-Manuscript,61,,Manuscript<--->Manuscript
M34,M53,Undirected,3280,Manuscript-Manuscript,3,,Manuscript<--->Manuscript
M34,M54,Undirected,3281,Manuscript-Manuscript,2,,Manuscript<--->Manuscript
M34,M55,Undirected,3282,Manuscript-Manuscript,44,,Manuscript<--->Manuscript
M34,M56,Undirected,3283,Manuscript-Manuscript,76,,Manuscript<--->Manuscript
M34,M58,Undirected,3284,Manuscript-Manuscript,1,,Manuscript<--->Manuscript
M34,M59,Undirected,3285,Manuscript-Manuscript,10,,Manuscript<--->Manuscript
M34,M60,Undirected,3286,Manuscript-Manuscript,38,,Manuscript<--->Manuscript
M34,M61,Undirected,3287,Manuscript-Manuscript,1,,Manuscript<--->Manuscript
M34,M62,Undirected,3288,Manuscript-Manuscript,19,,Manuscript<--->Manuscript
M34,M63,Undirected,3289,Manuscript-Manuscript,60,,Manuscript<--->Manuscript
M34,M64,Undirected,3290,Manuscript-Manuscript,1,,Manuscript<--->Manuscript
M34,M65,Undirected,3291,Manuscript-Manuscript,15,,Manuscript<--->Manuscript
M34,M66,Undirected,3292,Manuscript-Manuscript,1,,Manuscript<--->Manuscript
M34,M67,Undirected,3293,Manuscript-Manuscript,3,,Manuscript<--->Manuscript
M34,M70,Undirected,3294,Manuscript-Manuscript,2,,Manuscript<--->Manuscript
M34,M76,Undirected,3295,Manuscript-Manuscript,1,,Manuscript<--->Manuscript
M34,M77,Undirected,3296,Manuscript-Manuscript,1,,Manuscript<--->Manuscript
M35,M36,Undirected,3297,Manuscript-Manuscript,7,,Manuscript<--->Manuscript
M35,M38,Undirected,3298,Manuscript-Manuscript,1,,Manuscript<--->Manuscript
M35,M41,Undirected,3299,Manuscript-Manuscript,1,,Manuscript<--->Manuscript
M35,M42,Undirected,3300,Manuscript-Manuscript,9,,Manuscript<--->Manuscript
M35,M44,Undirected,3301,Manuscript-Manuscript,7,,Manuscript<--->Manuscript
M35,M46,Undirected,3302,Manuscript-Manuscript,3,,Manuscript<--->Manuscript
M35,M48,Undirected,3303,Manuscript-Manuscript,9,,Manuscript<--->Manuscript
M35,M49,Undirected,3304,Manuscript-Manuscript,10,,Manuscript<--->Manuscript
M35,M51,Undirected,3305,Manuscript-Manuscript,8,,Manuscript<--->Manuscript
M35,M55,Undirected,3306,Manuscript-Manuscript,5,,Manuscript<--->Manuscript
M35,M56,Undirected,3307,Manuscript-Manuscript,9,,Manuscript<--->Manuscript
M35,M60,Undirected,3308,Manuscript-Manuscript,5,,Manuscript<--->Manuscript
M35,M62,Undirected,3309,Manuscript-Manuscript,2,,Manuscript<--->Manuscript
M35,M63,Undirected,3310,Manuscript-Manuscript,7,,Manuscript<--->Manuscript
M35,M65,Undirected,3311,Manuscript-Manuscript,2,,Manuscript<--->Manuscript
M36,M37,Undirected,3312,Manuscript-Manuscript,2,,Manuscript<--->Manuscript
M36,M38,Undirected,3313,Manuscript-Manuscript,23,,Manuscript<--->Manuscript
M36,M39,Undirected,3314,Manuscript-Manuscript,4,,Manuscript<--->Manuscript
M36,M40,Undirected,3315,Manuscript-Manuscript,1,,Manuscript<--->Manuscript
M36,M42,Undirected,3316,Manuscript-Manuscript,43,,Manuscript<--->Manuscript
M36,M43,Undirected,3317,Manuscript-Manuscript,1,,Manuscript<--->Manuscript
M36,M44,Undirected,3318,Manuscript-Manuscript,51,,Manuscript<--->Manuscript
M36,M46,Undirected,3319,Manuscript-Manuscript,19,,Manuscript<--->Manuscript
M36,M47,Undirected,3320,Manuscript-Manuscript,4,,Manuscript<--->Manuscript
M36,M48,Undirected,3321,Manuscript-Manuscript,60,,Manuscript<--->Manuscript
M36,M49,Undirected,3322,Manuscript-Manuscript,62,,Manuscript<--->Manuscript
M36,M50,Undirected,3323,Manuscript-Manuscript,1,,Manuscript<--->Manuscript
M36,M51,Undirected,3324,Manuscript-Manuscript,49,,Manuscript<--->Manuscript
M36,M52,Undirected,3325,Manuscript-Manuscript,3,,Manuscript<--->Manuscript
M36,M53,Undirected,3326,Manuscript-Manuscript,3,,Manuscript<--->Manuscript
M36,M54,Undirected,3327,Manuscript-Manuscript,2,,Manuscript<--->Manuscript
M36,M55,Undirected,3328,Manuscript-Manuscript,36,,Manuscript<--->Manuscript
M36,M56,Undirected,3329,Manuscript-Manuscript,73,,Manuscript<--->Manuscript
M36,M58,Undirected,3330,Manuscript-Manuscript,1,,Manuscript<--->Manuscript
M36,M59,Undirected,3331,Manuscript-Manuscript,14,,Manuscript<--->Manuscript
M36,M60,Undirected,3332,Manuscript-Manuscript,22,,Manuscript<--->Manuscript
M36,M61,Undirected,3333,Manuscript-Manuscript,1,,Manuscript<--->Manuscript
M36,M62,Undirected,3334,Manuscript-Manuscript,1,,Manuscript<--->Manuscript
M36,M63,Undirected,3335,Manuscript-Manuscript,68,,Manuscript<--->Manuscript
M36,M64,Undirected,3336,Manuscript-Manuscript,1,,Manuscript<--->Manuscript
M36,M65,Undirected,3337,Manuscript-Manuscript,11,,Manuscript<--->Manuscript
M36,M66,Undirected,3338,Manuscript-Manuscript,1,,Manuscript<--->Manuscript
M36,M67,Undirected,3339,Manuscript-Manuscript,3,,Manuscript<--->Manuscript
M36,M70,Undirected,3340,Manuscript-Manuscript,2,,Manuscript<--->Manuscript
M36,M76,Undirected,3341,Manuscript-Manuscript,1,,Manuscript<--->Manuscript
M36,M77,Undirected,3342,Manuscript-Manuscript,1,,Manuscript<--->Manuscript
M37,M42,Undirected,3343,Manuscript-Manuscript,1,,Manuscript<--->Manuscript
M37,M44,Undirected,3344,Manuscript-Manuscript,1,,Manuscript<--->Manuscript
M37,M46,Undirected,3345,Manuscript-Manuscript,1,,Manuscript<--->Manuscript
M37,M48,Undirected,3346,Manuscript-Manuscript,2,,Manuscript<--->Manuscript
M37,M49,Undirected,3347,Manuscript-Manuscript,2,,Manuscript<--->Manuscript
M37,M51,Undirected,3348,Manuscript-Manuscript,2,,Manuscript<--->Manuscript
M37,M54,Undirected,3349,Manuscript-Manuscript,1,,Manuscript<--->Manuscript
M37,M55,Undirected,3350,Manuscript-Manuscript,1,,Manuscript<--->Manuscript
M37,M56,Undirected,3351,Manuscript-Manuscript,2,,Manuscript<--->Manuscript
M37,M60,Undirected,3352,Manuscript-Manuscript,1,,Manuscript<--->Manuscript
M37,M63,Undirected,3353,Manuscript-Manuscript,2,,Manuscript<--->Manuscript
M37,M65,Undirected,3354,Manuscript-Manuscript,1,,Manuscript<--->Manuscript
M37,M67,Undirected,3355,Manuscript-Manuscript,1,,Manuscript<--->Manuscript
M37,M70,Undirected,3356,Manuscript-Manuscript,1,,Manuscript<--->Manuscript
M38,M39,Undirected,3357,Manuscript-Manuscript,3,,Manuscript<--->Manuscript
M38,M42,Undirected,3358,Manuscript-Manuscript,30,,Manuscript<--->Manuscript
M38,M44,Undirected,3359,Manuscript-Manuscript,26,,Manuscript<--->Manuscript
M38,M46,Undirected,3360,Manuscript-Manuscript,3,,Manuscript<--->Manuscript
M38,M47,Undirected,3361,Manuscript-Manuscript,3,,Manuscript<--->Manuscript
M38,M48,Undirected,3362,Manuscript-Manuscript,28,,Manuscript<--->Manuscript
M38,M49,Undirected,3363,Manuscript-Manuscript,27,,Manuscript<--->Manuscript
M38,M50,Undirected,3364,Manuscript-Manuscript,1,,Manuscript<--->Manuscript
M38,M51,Undirected,3365,Manuscript-Manuscript,20,,Manuscript<--->Manuscript
M38,M52,Undirected,3366,Manuscript-Manuscript,2,,Manuscript<--->Manuscript
M38,M55,Undirected,3367,Manuscript-Manuscript,22,,Manuscript<--->Manuscript
M38,M56,Undirected,3368,Manuscript-Manuscript,25,,Manuscript<--->Manuscript
M38,M57,Undirected,3369,Manuscript-Manuscript,1,,Manuscript<--->Manuscript
M38,M58,Undirected,3370,Manuscript-Manuscript,1,,Manuscript<--->Manuscript
M38,M59,Undirected,3371,Manuscript-Manuscript,13,,Manuscript<--->Manuscript
M38,M63,Undirected,3372,Manuscript-Manuscript,19,,Manuscript<--->Manuscript
M38,M64,Undirected,3373,Manuscript-Manuscript,1,,Manuscript<--->Manuscript
M38,M65,Undirected,3374,Manuscript-Manuscript,1,,Manuscript<--->Manuscript
M38,M71,Undirected,3375,Manuscript-Manuscript,1,,Manuscript<--->Manuscript
M38,M76,Undirected,3376,Manuscript-Manuscript,1,,Manuscript<--->Manuscript
M38,M77,Undirected,3377,Manuscript-Manuscript,1,,Manuscript<--->Manuscript
M39,M42,Undirected,3378,Manuscript-Manuscript,2,,Manuscript<--->Manuscript
M39,M44,Undirected,3379,Manuscript-Manuscript,2,,Manuscript<--->Manuscript
M39,M46,Undirected,3380,Manuscript-Manuscript,1,,Manuscript<--->Manuscript
M39,M47,Undirected,3381,Manuscript-Manuscript,1,,Manuscript<--->Manuscript
M39,M48,Undirected,3382,Manuscript-Manuscript,3,,Manuscript<--->Manuscript
M39,M49,Undirected,3383,Manuscript-Manuscript,3,,Manuscript<--->Manuscript
M39,M50,Undirected,3384,Manuscript-Manuscript,1,,Manuscript<--->Manuscript
M39,M51,Undirected,3385,Manuscript-Manuscript,3,,Manuscript<--->Manuscript
M39,M52,Undirected,3386,Manuscript-Manuscript,1,,Manuscript<--->Manuscript
M39,M55,Undirected,3387,Manuscript-Manuscript,3,,Manuscript<--->Manuscript
M39,M56,Undirected,3388,Manuscript-Manuscript,3,,Manuscript<--->Manuscript
M39,M58,Undirected,3389,Manuscript-Manuscript,1,,Manuscript<--->Manuscript
M39,M63,Undirected,3390,Manuscript-Manuscript,3,,Manuscript<--->Manuscript
M39,M64,Undirected,3391,Manuscript-Manuscript,1,,Manuscript<--->Manuscript
M39,M76,Undirected,3392,Manuscript-Manuscript,1,,Manuscript<--->Manuscript
M39,M77,Undirected,3393,Manuscript-Manuscript,1,,Manuscript<--->Manuscript
M40,M48,Undirected,3394,Manuscript-Manuscript,1,,Manuscript<--->Manuscript
M40,M49,Undirected,3395,Manuscript-Manuscript,2,,Manuscript<--->Manuscript
M40,M56,Undirected,3396,Manuscript-Manuscript,1,,Manuscript<--->Manuscript
M41,M42,Undirected,3397,Manuscript-Manuscript,4,,Manuscript<--->Manuscript
M41,M44,Undirected,3398,Manuscript-Manuscript,5,,Manuscript<--->Manuscript
M41,M45,Undirected,3399,Manuscript-Manuscript,1,,Manuscript<--->Manuscript
M41,M46,Undirected,3400,Manuscript-Manuscript,5,,Manuscript<--->Manuscript
M41,M48,Undirected,3401,Manuscript-Manuscript,2,,Manuscript<--->Manuscript
M41,M49,Undirected,3402,Manuscript-Manuscript,4,,Manuscript<--->Manuscript
M41,M51,Undirected,3403,Manuscript-Manuscript,4,,Manuscript<--->Manuscript
M41,M55,Undirected,3404,Manuscript-Manuscript,1,,Manuscript<--->Manuscript
M41,M56,Undirected,3405,Manuscript-Manuscript,5,,Manuscript<--->Manuscript
M41,M59,Undirected,3406,Manuscript-Manuscript,2,,Manuscript<--->Manuscript
M41,M60,Undirected,3407,Manuscript-Manuscript,5,,Manuscript<--->Manuscript
M41,M62,Undirected,3408,Manuscript-Manuscript,5,,Manuscript<--->Manuscript
M41,M65,Undirected,3409,Manuscript-Manuscript,2,,Manuscript<--->Manuscript
M42,M43,Undirected,3410,Manuscript-Manuscript,1,,Manuscript<--->Manuscript
M42,M44,Undirected,3411,Manuscript-Manuscript,59,,Manuscript<--->Manuscript
M42,M46,Undirected,3412,Manuscript-Manuscript,30,,Manuscript<--->Manuscript
M42,M47,Undirected,3413,Manuscript-Manuscript,3,,Manuscript<--->Manuscript
M42,M48,Undirected,3414,Manuscript-Manuscript,66,,Manuscript<--->Manuscript
M42,M49,Undirected,3415,Manuscript-Manuscript,65,,Manuscript<--->Manuscript
M42,M51,Undirected,3416,Manuscript-Manuscript,66,,Manuscript<--->Manuscript
M42,M52,Undirected,3417,Manuscript-Manuscript,2,,Manuscript<--->Manuscript
M42,M53,Undirected,3418,Manuscript-Manuscript,3,,Manuscript<--->Manuscript
M42,M54,Undirected,3419,Manuscript-Manuscript,1,,Manuscript<--->Manuscript
M42,M55,Undirected,3420,Manuscript-Manuscript,52,,Manuscript<--->Manuscript
M42,M56,Undirected,3421,Manuscript-Manuscript,64,,Manuscript<--->Manuscript
M42,M57,Undirected,3422,Manuscript-Manuscript,1,,Manuscript<--->Manuscript
M42,M59,Undirected,3423,Manuscript-Manuscript,17,,Manuscript<--->Manuscript
M42,M60,Undirected,3424,Manuscript-Manuscript,32,,Manuscript<--->Manuscript
M42,M61,Undirected,3425,Manuscript-Manuscript,1,,Manuscript<--->Manuscript
M42,M62,Undirected,3426,Manuscript-Manuscript,19,,Manuscript<--->Manuscript
M42,M63,Undirected,3427,Manuscript-Manuscript,42,,Manuscript<--->Manuscript
M42,M65,Undirected,3428,Manuscript-Manuscript,19,,Manuscript<--->Manuscript
M42,M66,Undirected,3429,Manuscript-Manuscript,1,,Manuscript<--->Manuscript
M42,M67,Undirected,3430,Manuscript-Manuscript,1,,Manuscript<--->Manuscript
M42,M70,Undirected,3431,Manuscript-Manuscript,1,,Manuscript<--->Manuscript
M42,M71,Undirected,3432,Manuscript-Manuscript,1,,Manuscript<--->Manuscript
M43,M44,Undirected,3433,Manuscript-Manuscript,1,,Manuscript<--->Manuscript
M43,M48,Undirected,3434,Manuscript-Manuscript,1,,Manuscript<--->Manuscript
M43,M49,Undirected,3435,Manuscript-Manuscript,1,,Manuscript<--->Manuscript
M43,M51,Undirected,3436,Manuscript-Manuscript,1,,Manuscript<--->Manuscript
M43,M55,Undirected,3437,Manuscript-Manuscript,1,,Manuscript<--->Manuscript
M43,M56,Undirected,3438,Manuscript-Manuscript,1,,Manuscript<--->Manuscript
M43,M63,Undirected,3439,Manuscript-Manuscript,1,,Manuscript<--->Manuscript
M44,M45,Undirected,3440,Manuscript-Manuscript,1,,Manuscript<--->Manuscript
M44,M46,Undirected,3441,Manuscript-Manuscript,31,,Manuscript<--->Manuscript
M44,M47,Undirected,3442,Manuscript-Manuscript,2,,Manuscript<--->Manuscript
M44,M48,Undirected,3443,Manuscript-Manuscript,71,,Manuscript<--->Manuscript
M44,M49,Undirected,3444,Manuscript-Manuscript,71,,Manuscript<--->Manuscript
M44,M50,Undirected,3445,Manuscript-Manuscript,1,,Manuscript<--->Manuscript
M44,M51,Undirected,3446,Manuscript-Manuscript,59,,Manuscript<--->Manuscript
M44,M52,Undirected,3447,Manuscript-Manuscript,2,,Manuscript<--->Manuscript
M44,M53,Undirected,3448,Manuscript-Manuscript,2,,Manuscript<--->Manuscript
M44,M55,Undirected,3449,Manuscript-Manuscript,46,,Manuscript<--->Manuscript
M44,M56,Undirected,3450,Manuscript-Manuscript,73,,Manuscript<--->Manuscript
M44,M58,Undirected,3451,Manuscript-Manuscript,1,,Manuscript<--->Manuscript
M44,M59,Undirected,3452,Manuscript-Manuscript,17,,Manuscript<--->Manuscript
M44,M60,Undirected,3453,Manuscript-Manuscript,35,,Manuscript<--->Manuscript
M44,M61,Undirected,3454,Manuscript-Manuscript,1,,Manuscript<--->Manuscript
M44,M62,Undirected,3455,Manuscript-Manuscript,22,,Manuscript<--->Manuscript
M44,M63,Undirected,3456,Manuscript-Manuscript,51,,Manuscript<--->Manuscript
M44,M64,Undirected,3457,Manuscript-Manuscript,1,,Manuscript<--->Manuscript
M44,M65,Undirected,3458,Manuscript-Manuscript,16,,Manuscript<--->Manuscript
M44,M76,Undirected,3459,Manuscript-Manuscript,1,,Manuscript<--->Manuscript
M44,M77,Undirected,3460,Manuscript-Manuscript,1,,Manuscript<--->Manuscript
M45,M46,Undirected,3461,Manuscript-Manuscript,1,,Manuscript<--->Manuscript
M45,M48,Undirected,3462,Manuscript-Manuscript,1,,Manuscript<--->Manuscript
M45,M49,Undirected,3463,Manuscript-Manuscript,1,,Manuscript<--->Manuscript
M45,M56,Undirected,3464,Manuscript-Manuscript,1,,Manuscript<--->Manuscript
M45,M60,Undirected,3465,Manuscript-Manuscript,1,,Manuscript<--->Manuscript
M45,M62,Undirected,3466,Manuscript-Manuscript,1,,Manuscript<--->Manuscript
M46,M47,Undirected,3467,Manuscript-Manuscript,2,,Manuscript<--->Manuscript
M46,M48,Undirected,3468,Manuscript-Manuscript,34,,Manuscript<--->Manuscript
M46,M49,Undirected,3469,Manuscript-Manuscript,33,,Manuscript<--->Manuscript
M46,M51,Undirected,3470,Manuscript-Manuscript,34,,Manuscript<--->Manuscript
M46,M52,Undirected,3471,Manuscript-Manuscript,3,,Manuscript<--->Manuscript
M46,M54,Undirected,3472,Manuscript-Manuscript,2,,Manuscript<--->Manuscript
M46,M55,Undirected,3473,Manuscript-Manuscript,21,,Manuscript<--->Manuscript
M46,M56,Undirected,3474,Manuscript-Manuscript,36,,Manuscript<--->Manuscript
M46,M59,Undirected,3475,Manuscript-Manuscript,10,,Manuscript<--->Manuscript
M46,M60,Undirected,3476,Manuscript-Manuscript,35,,Manuscript<--->Manuscript
M46,M62,Undirected,3477,Manuscript-Manuscript,21,,Manuscript<--->Manuscript
M46,M63,Undirected,3478,Manuscript-Manuscript,16,,Manuscript<--->Manuscript
M46,M65,Undirected,3479,Manuscript-Manuscript,12,,Manuscript<--->Manuscript
M46,M66,Undirected,3480,Manuscript-Manuscript,1,,Manuscript<--->Manuscript
M46,M67,Undirected,3481,Manuscript-Manuscript,2,,Manuscript<--->Manuscript
M46,M70,Undirected,3482,Manuscript-Manuscript,2,,Manuscript<--->Manuscript
M47,M48,Undirected,3483,Manuscript-Manuscript,2,,Manuscript<--->Manuscript
M47,M49,Undirected,3484,Manuscript-Manuscript,3,,Manuscript<--->Manuscript
M47,M51,Undirected,3485,Manuscript-Manuscript,4,,Manuscript<--->Manuscript
M47,M52,Undirected,3486,Manuscript-Manuscript,2,,Manuscript<--->Manuscript
M47,M55,Undirected,3487,Manuscript-Manuscript,1,,Manuscript<--->Manuscript
M47,M56,Undirected,3488,Manuscript-Manuscript,3,,Manuscript<--->Manuscript
M47,M57,Undirected,3489,Manuscript-Manuscript,1,,Manuscript<--->Manuscript
M47,M59,Undirected,3490,Manuscript-Manuscript,3,,Manuscript<--->Manuscript
M47,M60,Undirected,3491,Manuscript-Manuscript,2,,Manuscript<--->Manuscript
M47,M63,Undirected,3492,Manuscript-Manuscript,2,,Manuscript<--->Manuscript
M47,M65,Undirected,3493,Manuscript-Manuscript,3,,Manuscript<--->Manuscript
M47,M67,Undirected,3494,Manuscript-Manuscript,1,,Manuscript<--->Manuscript
M48,M49,Undirected,3495,Manuscript-Manuscript,89,,Manuscript<--->Manuscript
M48,M51,Undirected,3496,Manuscript-Manuscript,68,,Manuscript<--->Manuscript
M48,M52,Undirected,3497,Manuscript-Manuscript,3,,Manuscript<--->Manuscript
M48,M53,Undirected,3498,Manuscript-Manuscript,4,,Manuscript<--->Manuscript
M48,M54,Undirected,3499,Manuscript-Manuscript,2,,Manuscript<--->Manuscript
M48,M55,Undirected,3500,Manuscript-Manuscript,54,,Manuscript<--->Manuscript
M48,M56,Undirected,3501,Manuscript-Manuscript,81,,Manuscript<--->Manuscript
M48,M57,Undirected,3502,Manuscript-Manuscript,2,,Manuscript<--->Manuscript
M48,M59,Undirected,3503,Manuscript-Manuscript,16,,Manuscript<--->Manuscript
M48,M60,Undirected,3504,Manuscript-Manuscript,38,,Manuscript<--->Manuscript
M48,M61,Undirected,3505,Manuscript-Manuscript,1,,Manuscript<--->Manuscript
M48,M62,Undirected,3506,Manuscript-Manuscript,20,,Manuscript<--->Manuscript
M48,M63,Undirected,3507,Manuscript-Manuscript,58,,Manuscript<--->Manuscript
M48,M65,Undirected,3508,Manuscript-Manuscript,17,,Manuscript<--->Manuscript
M48,M66,Undirected,3509,Manuscript-Manuscript,1,,Manuscript<--->Manuscript
M48,M67,Undirected,3510,Manuscript-Manuscript,2,,Manuscript<--->Manuscript
M48,M70,Undirected,3511,Manuscript-Manuscript,2,,Manuscript<--->Manuscript
M49,M51,Undirected,3512,Manuscript-Manuscript,75,,Manuscript<--->Manuscript
M49,M52,Undirected,3513,Manuscript-Manuscript,3,,Manuscript<--->Manuscript
M49,M53,Undirected,3514,Manuscript-Manuscript,3,,Manuscript<--->Manuscript
M49,M54,Undirected,3515,Manuscript-Manuscript,2,,Manuscript<--->Manuscript
M49,M55,Undirected,3516,Manuscript-Manuscript,49,,Manuscript<--->Manuscript
M49,M56,Undirected,3517,Manuscript-Manuscript,82,,Manuscript<--->Manuscript
M49,M57,Undirected,3518,Manuscript-Manuscript,1,,Manuscript<--->Manuscript
M49,M59,Undirected,3519,Manuscript-Manuscript,14,,Manuscript<--->Manuscript
M49,M60,Undirected,3520,Manuscript-Manuscript,40,,Manuscript<--->Manuscript
M49,M62,Undirected,3521,Manuscript-Manuscript,19,,Manuscript<--->Manuscript
M49,M63,Undirected,3522,Manuscript-Manuscript,61,,Manuscript<--->Manuscript
M49,M65,Undirected,3523,Manuscript-Manuscript,21,,Manuscript<--->Manuscript
M49,M66,Undirected,3524,Manuscript-Manuscript,1,,Manuscript<--->Manuscript
M49,M67,Undirected,3525,Manuscript-Manuscript,2,,Manuscript<--->Manuscript
M49,M70,Undirected,3526,Manuscript-Manuscript,2,,Manuscript<--->Manuscript
M50,M51,Undirected,3527,Manuscript-Manuscript,1,,Manuscript<--->Manuscript
M50,M55,Undirected,3528,Manuscript-Manuscript,1,,Manuscript<--->Manuscript
M50,M56,Undirected,3529,Manuscript-Manuscript,1,,Manuscript<--->Manuscript
M50,M58,Undirected,3530,Manuscript-Manuscript,1,,Manuscript<--->Manuscript
M50,M63,Undirected,3531,Manuscript-Manuscript,1,,Manuscript<--->Manuscript
M50,M64,Undirected,3532,Manuscript-Manuscript,1,,Manuscript<--->Manuscript
M50,M76,Undirected,3533,Manuscript-Manuscript,1,,Manuscript<--->Manuscript
M50,M77,Undirected,3534,Manuscript-Manuscript,1,,Manuscript<--->Manuscript
M51,M52,Undirected,3535,Manuscript-Manuscript,2,,Manuscript<--->Manuscript
M51,M53,Undirected,3536,Manuscript-Manuscript,4,,Manuscript<--->Manuscript
M51,M54,Undirected,3537,Manuscript-Manuscript,2,,Manuscript<--->Manuscript
M51,M55,Undirected,3538,Manuscript-Manuscript,46,,Manuscript<--->Manuscript
M51,M56,Undirected,3539,Manuscript-Manuscript,73,,Manuscript<--->Manuscript
M51,M57,Undirected,3540,Manuscript-Manuscript,1,,Manuscript<--->Manuscript
M51,M58,Undirected,3541,Manuscript-Manuscript,1,,Manuscript<--->Manuscript
M51,M59,Undirected,3542,Manuscript-Manuscript,14,,Manuscript<--->Manuscript
M51,M60,Undirected,3543,Manuscript-Manuscript,43,,Manuscript<--->Manuscript
M51,M61,Undirected,3544,Manuscript-Manuscript,1,,Manuscript<--->Manuscript
M51,M62,Undirected,3545,Manuscript-Manuscript,22,,Manuscript<--->Manuscript
M51,M63,Undirected,3546,Manuscript-Manuscript,51,,Manuscript<--->Manuscript
M51,M64,Undirected,3547,Manuscript-Manuscript,1,,Manuscript<--->Manuscript
M51,M65,Undirected,3548,Manuscript-Manuscript,21,,Manuscript<--->Manuscript
M51,M67,Undirected,3549,Manuscript-Manuscript,3,,Manuscript<--->Manuscript
M51,M70,Undirected,3550,Manuscript-Manuscript,2,,Manuscript<--->Manuscript
M51,M71,Undirected,3551,Manuscript-Manuscript,1,,Manuscript<--->Manuscript
M51,M76,Undirected,3552,Manuscript-Manuscript,1,,Manuscript<--->Manuscript
M51,M77,Undirected,3553,Manuscript-Manuscript,1,,Manuscript<--->Manuscript
M52,M55,Undirected,3554,Manuscript-Manuscript,1,,Manuscript<--->Manuscript
M52,M56,Undirected,3555,Manuscript-Manuscript,2,,Manuscript<--->Manuscript
M52,M59,Undirected,3556,Manuscript-Manuscript,3,,Manuscript<--->Manuscript
M53,M55,Undirected,3557,Manuscript-Manuscript,3,,Manuscript<--->Manuscript
M53,M56,Undirected,3558,Manuscript-Manuscript,3,,Manuscript<--->Manuscript
M53,M59,Undirected,3559,Manuscript-Manuscript,1,,Manuscript<--->Manuscript
M53,M63,Undirected,3560,Manuscript-Manuscript,3,,Manuscript<--->Manuscript
M54,M55,Undirected,3561,Manuscript-Manuscript,1,,Manuscript<--->Manuscript
M54,M56,Undirected,3562,Manuscript-Manuscript,2,,Manuscript<--->Manuscript
M54,M60,Undirected,3563,Manuscript-Manuscript,2,,Manuscript<--->Manuscript
M54,M63,Undirected,3564,Manuscript-Manuscript,2,,Manuscript<--->Manuscript
M54,M65,Undirected,3565,Manuscript-Manuscript,1,,Manuscript<--->Manuscript
M54,M67,Undirected,3566,Manuscript-Manuscript,2,,Manuscript<--->Manuscript
M54,M70,Undirected,3567,Manuscript-Manuscript,2,,Manuscript<--->Manuscript
M55,M56,Undirected,3568,Manuscript-Manuscript,51,,Manuscript<--->Manuscript
M55,M58,Undirected,3569,Manuscript-Manuscript,1,,Manuscript<--->Manuscript
M55,M59,Undirected,3570,Manuscript-Manuscript,14,,Manuscript<--->Manuscript
M55,M60,Undirected,3571,Manuscript-Manuscript,21,,Manuscript<--->Manuscript
M55,M62,Undirected,3572,Manuscript-Manuscript,13,,Manuscript<--->Manuscript
M55,M63,Undirected,3573,Manuscript-Manuscript,36,,Manuscript<--->Manuscript
M55,M64,Undirected,3574,Manuscript-Manuscript,1,,Manuscript<--->Manuscript
M55,M65,Undirected,3575,Manuscript-Manuscript,9,,Manuscript<--->Manuscript
M55,M66,Undirected,3576,Manuscript-Manuscript,1,,Manuscript<--->Manuscript
M55,M67,Undirected,3577,Manuscript-Manuscript,1,,Manuscript<--->Manuscript
M55,M70,Undirected,3578,Manuscript-Manuscript,1,,Manuscript<--->Manuscript
M55,M71,Undirected,3579,Manuscript-Manuscript,1,,Manuscript<--->Manuscript
M55,M76,Undirected,3580,Manuscript-Manuscript,1,,Manuscript<--->Manuscript
M55,M77,Undirected,3581,Manuscript-Manuscript,1,,Manuscript<--->Manuscript
M56,M58,Undirected,3582,Manuscript-Manuscript,1,,Manuscript<--->Manuscript
M56,M59,Undirected,3583,Manuscript-Manuscript,17,,Manuscript<--->Manuscript
M56,M60,Undirected,3584,Manuscript-Manuscript,45,,Manuscript<--->Manuscript
M56,M61,Undirected,3585,Manuscript-Manuscript,1,,Manuscript<--->Manuscript
M56,M62,Undirected,3586,Manuscript-Manuscript,24,,Manuscript<--->Manuscript
M56,M63,Undirected,3587,Manuscript-Manuscript,71,,Manuscript<--->Manuscript
M56,M64,Undirected,3588,Manuscript-Manuscript,1,,Manuscript<--->Manuscript
M56,M65,Undirected,3589,Manuscript-Manuscript,20,,Manuscript<--->Manuscript
M56,M66,Undirected,3590,Manuscript-Manuscript,1,,Manuscript<--->Manuscript
M56,M67,Undirected,3591,Manuscript-Manuscript,3,,Manuscript<--->Manuscript
M56,M70,Undirected,3592,Manuscript-Manuscript,2,,Manuscript<--->Manuscript
M56,M71,Undirected,3593,Manuscript-Manuscript,1,,Manuscript<--->Manuscript
M56,M76,Undirected,3594,Manuscript-Manuscript,1,,Manuscript<--->Manuscript
M56,M77,Undirected,3595,Manuscript-Manuscript,1,,Manuscript<--->Manuscript
M57,M65,Undirected,3596,Manuscript-Manuscript,1,,Manuscript<--->Manuscript
M58,M63,Undirected,3597,Manuscript-Manuscript,1,,Manuscript<--->Manuscript
M58,M64,Undirected,3598,Manuscript-Manuscript,1,,Manuscript<--->Manuscript
M58,M76,Undirected,3599,Manuscript-Manuscript,1,,Manuscript<--->Manuscript
M58,M77,Undirected,3600,Manuscript-Manuscript,1,,Manuscript<--->Manuscript
M59,M60,Undirected,3601,Manuscript-Manuscript,5,,Manuscript<--->Manuscript
M59,M61,Undirected,3602,Manuscript-Manuscript,1,,Manuscript<--->Manuscript
M59,M62,Undirected,3603,Manuscript-Manuscript,3,,Manuscript<--->Manuscript
M59,M63,Undirected,3604,Manuscript-Manuscript,9,,Manuscript<--->Manuscript
M59,M65,Undirected,3605,Manuscript-Manuscript,3,,Manuscript<--->Manuscript
M60,M62,Undirected,3606,Manuscript-Manuscript,25,,Manuscript<--->Manuscript
M60,M63,Undirected,3607,Manuscript-Manuscript,24,,Manuscript<--->Manuscript
M60,M65,Undirected,3608,Manuscript-Manuscript,18,,Manuscript<--->Manuscript
M60,M66,Undirected,3609,Manuscript-Manuscript,1,,Manuscript<--->Manuscript
M60,M67,Undirected,3610,Manuscript-Manuscript,3,,Manuscript<--->Manuscript
M60,M70,Undirected,3611,Manuscript-Manuscript,2,,Manuscript<--->Manuscript
M61,M63,Undirected,3612,Manuscript-Manuscript,1,,Manuscript<--->Manuscript
M62,M63,Undirected,3613,Manuscript-Manuscript,3,,Manuscript<--->Manuscript
M62,M65,Undirected,3614,Manuscript-Manuscript,10,,Manuscript<--->Manuscript
M63,M64,Undirected,3615,Manuscript-Manuscript,1,,Manuscript<--->Manuscript
M63,M65,Undirected,3616,Manuscript-Manuscript,13,,Manuscript<--->Manuscript
M63,M66,Undirected,3617,Manuscript-Manuscript,1,,Manuscript<--->Manuscript
M63,M67,Undirected,3618,Manuscript-Manuscript,3,,Manuscript<--->Manuscript
M63,M70,Undirected,3619,Manuscript-Manuscript,2,,Manuscript<--->Manuscript
M63,M76,Undirected,3620,Manuscript-Manuscript,1,,Manuscript<--->Manuscript
M63,M77,Undirected,3621,Manuscript-Manuscript,1,,Manuscript<--->Manuscript
M64,M76,Undirected,3622,Manuscript-Manuscript,1,,Manuscript<--->Manuscript
M64,M77,Undirected,3623,Manuscript-Manuscript,1,,Manuscript<--->Manuscript
M65,M67,Undirected,3624,Manuscript-Manuscript,2,,Manuscript<--->Manuscript
M65,M70,Undirected,3625,Manuscript-Manuscript,1,,Manuscript<--->Manuscript
M67,M70,Undirected,3626,Manuscript-Manuscript,2,,Manuscript<--->Manuscript
M76,M77,Undirected,3627,Manuscript-Manuscript,1,,Manuscript<--->Manuscript
